workspace 2026/06/14 20:48:55.830804 [state_change] node= task= meta=map[capability:git_commit capability_id:tool:git_commit exposure:callable kind:tool scope:builtin security_event:capability_exposure_resolved trust_class:builtin_trusted] msg=capability exposure resolved
workspace 2026/06/14 20:48:55.830874 [state_change] node= task= meta=map[capability:file_create capability_id:tool:file_create exposure:callable kind:tool scope:builtin security_event:capability_exposure_resolved trust_class:builtin_trusted] msg=capability exposure resolved
workspace 2026/06/14 20:48:55.830886 [state_change] node= task= meta=map[capability:file_delete capability_id:tool:file_delete exposure:callable kind:tool scope:builtin security_event:capability_exposure_resolved trust_class:builtin_trusted] msg=capability exposure resolved
workspace 2026/06/14 20:48:55.830896 [state_change] node= task= meta=map[capability:cli_file capability_id:tool:cli_file exposure:callable kind:tool scope:builtin security_event:capability_exposure_resolved trust_class:builtin_trusted] msg=capability exposure resolved
workspace 2026/06/14 20:48:55.830905 [state_change] node= task= meta=map[capability:cli_awk capability_id:tool:cli_awk exposure:callable kind:tool scope:builtin security_event:capability_exposure_resolved trust_class:builtin_trusted] msg=capability exposure resolved
workspace 2026/06/14 20:48:55.830914 [state_change] node= task= meta=map[capability:cli_python capability_id:tool:cli_python exposure:callable kind:tool scope:builtin security_event:capability_exposure_resolved trust_class:builtin_trusted] msg=capability exposure resolved
workspace 2026/06/14 20:48:55.830922 [state_change] node= task= meta=map[capability:cli_echo capability_id:tool:cli_echo exposure:callable kind:tool scope:builtin security_event:capability_exposure_resolved trust_class:builtin_trusted] msg=capability exposure resolved
workspace 2026/06/14 20:48:55.830931 [state_change] node= task= meta=map[capability:cli_comm capability_id:tool:cli_comm exposure:callable kind:tool scope:builtin security_event:capability_exposure_resolved trust_class:builtin_trusted] msg=capability exposure resolved
workspace 2026/06/14 20:48:55.830939 [state_change] node= task= meta=map[capability:cli_rev capability_id:tool:cli_rev exposure:callable kind:tool scope:builtin security_event:capability_exposure_resolved trust_class:builtin_trusted] msg=capability exposure resolved
workspace 2026/06/14 20:48:55.830947 [state_change] node= task= meta=map[capability:cli_ip capability_id:tool:cli_ip exposure:callable kind:tool scope:builtin security_event:capability_exposure_resolved trust_class:builtin_trusted] msg=capability exposure resolved
workspace 2026/06/14 20:48:55.830956 [state_change] node= task= meta=map[capability:cli_gzip capability_id:tool:cli_gzip exposure:callable kind:tool scope:builtin security_event:capability_exposure_resolved trust_class:builtin_trusted] msg=capability exposure resolved
workspace 2026/06/14 20:48:55.830964 [state_change] node= task= meta=map[capability:cli_make capability_id:tool:cli_make exposure:callable kind:tool scope:builtin security_event:capability_exposure_resolved trust_class:builtin_trusted] msg=capability exposure resolved
workspace 2026/06/14 20:48:55.830972 [state_change] node= task= meta=map[capability:cli_go capability_id:tool:cli_go exposure:callable kind:tool scope:builtin security_event:capability_exposure_resolved trust_class:builtin_trusted] msg=capability exposure resolved
workspace 2026/06/14 20:48:55.830989 [state_change] node= task= meta=map[capability:cli_wget capability_id:tool:cli_wget exposure:callable kind:tool scope:builtin security_event:capability_exposure_resolved trust_class:builtin_trusted] msg=capability exposure resolved
workspace 2026/06/14 20:48:55.831002 [state_change] node= task= meta=map[capability:cli_top capability_id:tool:cli_top exposure:callable kind:tool scope:builtin security_event:capability_exposure_resolved trust_class:builtin_trusted] msg=capability exposure resolved
workspace 2026/06/14 20:48:55.831011 [state_change] node= task= meta=map[capability:cli_crontab capability_id:tool:cli_crontab exposure:callable kind:tool scope:builtin security_event:capability_exposure_resolved trust_class:builtin_trusted] msg=capability exposure resolved
workspace 2026/06/14 20:48:55.831022 [state_change] node= task= meta=map[capability:cli_paste capability_id:tool:cli_paste exposure:callable kind:tool scope:builtin security_event:capability_exposure_resolved trust_class:builtin_trusted] msg=capability exposure resolved
workspace 2026/06/14 20:48:55.831030 [state_change] node= task= meta=map[capability:cli_strace capability_id:tool:cli_strace exposure:callable kind:tool scope:builtin security_event:capability_exposure_resolved trust_class:builtin_trusted] msg=capability exposure resolved
workspace 2026/06/14 20:48:55.831039 [state_change] node= task= meta=map[capability:cli_tar capability_id:tool:cli_tar exposure:callable kind:tool scope:builtin security_event:capability_exposure_resolved trust_class:builtin_trusted] msg=capability exposure resolved
workspace 2026/06/14 20:48:55.831047 [state_change] node= task= meta=map[capability:cli_find capability_id:tool:cli_find exposure:callable kind:tool scope:builtin security_event:capability_exposure_resolved trust_class:builtin_trusted] msg=capability exposure resolved
workspace 2026/06/14 20:48:55.831055 [state_change] node= task= meta=map[capability:cli_colordiff capability_id:tool:cli_colordiff exposure:callable kind:tool scope:builtin security_event:capability_exposure_resolved trust_class:builtin_trusted] msg=capability exposure resolved
workspace 2026/06/14 20:48:55.831064 [state_change] node= task= meta=map[capability:cli_ex capability_id:tool:cli_ex exposure:callable kind:tool scope:builtin security_event:capability_exposure_resolved trust_class:builtin_trusted] msg=capability exposure resolved
workspace 2026/06/14 20:48:55.831072 [state_change] node= task= meta=map[capability:lsp_get_references capability_id:tool:lsp_get_references exposure:callable kind:tool scope:builtin security_event:capability_exposure_resolved trust_class:builtin_trusted] msg=capability exposure resolved
workspace 2026/06/14 20:48:55.831081 [state_change] node= task= meta=map[capability:cli_jq capability_id:tool:cli_jq exposure:callable kind:tool scope:builtin security_event:capability_exposure_resolved trust_class:builtin_trusted] msg=capability exposure resolved
workspace 2026/06/14 20:48:55.831089 [state_change] node= task= meta=map[capability:cli_lsof capability_id:tool:cli_lsof exposure:callable kind:tool scope:builtin security_event:capability_exposure_resolved trust_class:builtin_trusted] msg=capability exposure resolved
workspace 2026/06/14 20:48:55.831097 [state_change] node= task= meta=map[capability:cli_touch capability_id:tool:cli_touch exposure:callable kind:tool scope:builtin security_event:capability_exposure_resolved trust_class:builtin_trusted] msg=capability exposure resolved
workspace 2026/06/14 20:48:55.831105 [state_change] node= task= meta=map[capability:git_blame capability_id:tool:git_blame exposure:callable kind:tool scope:builtin security_event:capability_exposure_resolved trust_class:builtin_trusted] msg=capability exposure resolved
workspace 2026/06/14 20:48:55.831115 [state_change] node= task= meta=map[capability:lsp_get_hover capability_id:tool:lsp_get_hover exposure:callable kind:tool scope:builtin security_event:capability_exposure_resolved trust_class:builtin_trusted] msg=capability exposure resolved
workspace 2026/06/14 20:48:55.831123 [state_change] node= task= meta=map[capability:cli_systemctl capability_id:tool:cli_systemctl exposure:callable kind:tool scope:builtin security_event:capability_exposure_resolved trust_class:builtin_trusted] msg=capability exposure resolved
workspace 2026/06/14 20:48:55.831132 [state_change] node= task= meta=map[capability:cli_node capability_id:tool:cli_node exposure:callable kind:tool scope:builtin security_event:capability_exposure_resolved trust_class:builtin_trusted] msg=capability exposure resolved
workspace 2026/06/14 20:48:55.831140 [state_change] node= task= meta=map[capability:file_list capability_id:tool:file_list exposure:callable kind:tool scope:builtin security_event:capability_exposure_resolved trust_class:builtin_trusted] msg=capability exposure resolved
workspace 2026/06/14 20:48:55.831150 [state_change] node= task= meta=map[capability:go_test capability_id:tool:go_test exposure:callable kind:tool scope:builtin security_event:capability_exposure_resolved trust_class:builtin_trusted] msg=capability exposure resolved
workspace 2026/06/14 20:48:55.831158 [state_change] node= task= meta=map[capability:lsp_get_diagnostics capability_id:tool:lsp_get_diagnostics exposure:callable kind:tool scope:builtin security_event:capability_exposure_resolved trust_class:builtin_trusted] msg=capability exposure resolved
workspace 2026/06/14 20:48:55.831171 [state_change] node= task= meta=map[capability:cli_cut capability_id:tool:cli_cut exposure:callable kind:tool scope:builtin security_event:capability_exposure_resolved trust_class:builtin_trusted] msg=capability exposure resolved
workspace 2026/06/14 20:48:55.831180 [state_change] node= task= meta=map[capability:lsp_search_symbols capability_id:tool:lsp_search_symbols exposure:callable kind:tool scope:builtin security_event:capability_exposure_resolved trust_class:builtin_trusted] msg=capability exposure resolved
workspace 2026/06/14 20:48:55.831188 [state_change] node= task= meta=map[capability:cli_tree capability_id:tool:cli_tree exposure:callable kind:tool scope:builtin security_event:capability_exposure_resolved trust_class:builtin_trusted] msg=capability exposure resolved
workspace 2026/06/14 20:48:55.831196 [state_change] node= task= meta=map[capability:cli_htop capability_id:tool:cli_htop exposure:callable kind:tool scope:builtin security_event:capability_exposure_resolved trust_class:builtin_trusted] msg=capability exposure resolved
workspace 2026/06/14 20:48:55.831204 [state_change] node= task= meta=map[capability:cli_at capability_id:tool:cli_at exposure:callable kind:tool scope:builtin security_event:capability_exposure_resolved trust_class:builtin_trusted] msg=capability exposure resolved
workspace 2026/06/14 20:48:55.831212 [state_change] node= task= meta=map[capability:cli_xz capability_id:tool:cli_xz exposure:callable kind:tool scope:builtin security_event:capability_exposure_resolved trust_class:builtin_trusted] msg=capability exposure resolved
workspace 2026/06/14 20:48:55.831223 [state_change] node= task= meta=map[capability:cli_ss capability_id:tool:cli_ss exposure:callable kind:tool scope:builtin security_event:capability_exposure_resolved trust_class:builtin_trusted] msg=capability exposure resolved
workspace 2026/06/14 20:48:55.831231 [state_change] node= task= meta=map[capability:lsp_format capability_id:tool:lsp_format exposure:callable kind:tool scope:builtin security_event:capability_exposure_resolved trust_class:builtin_trusted] msg=capability exposure resolved
workspace 2026/06/14 20:48:55.831243 [state_change] node= task= meta=map[capability:cli_nslookup capability_id:tool:cli_nslookup exposure:callable kind:tool scope:builtin security_event:capability_exposure_resolved trust_class:builtin_trusted] msg=capability exposure resolved
workspace 2026/06/14 20:48:55.831251 [state_change] node= task= meta=map[capability:search_grep capability_id:tool:search_grep exposure:callable kind:tool scope:builtin security_event:capability_exposure_resolved trust_class:builtin_trusted] msg=capability exposure resolved
workspace 2026/06/14 20:48:55.831259 [state_change] node= task= meta=map[capability:cli_objdump capability_id:tool:cli_objdump exposure:callable kind:tool scope:builtin security_event:capability_exposure_resolved trust_class:builtin_trusted] msg=capability exposure resolved
workspace 2026/06/14 20:48:55.831267 [state_change] node= task= meta=map[capability:cli_hexdump capability_id:tool:cli_hexdump exposure:callable kind:tool scope:builtin security_event:capability_exposure_resolved trust_class:builtin_trusted] msg=capability exposure resolved
workspace 2026/06/14 20:48:55.831275 [state_change] node= task= meta=map[capability:cli_xxd capability_id:tool:cli_xxd exposure:callable kind:tool scope:builtin security_event:capability_exposure_resolved trust_class:builtin_trusted] msg=capability exposure resolved
workspace 2026/06/14 20:48:55.831286 [state_change] node= task= meta=map[capability:lsp_document_symbols capability_id:tool:lsp_document_symbols exposure:callable kind:tool scope:builtin security_event:capability_exposure_resolved trust_class:builtin_trusted] msg=capability exposure resolved
workspace 2026/06/14 20:48:55.831295 [state_change] node= task= meta=map[capability:cli_nc capability_id:tool:cli_nc exposure:callable kind:tool scope:builtin security_event:capability_exposure_resolved trust_class:builtin_trusted] msg=capability exposure resolved
workspace 2026/06/14 20:48:55.831302 [state_change] node= task= meta=map[capability:cli_time capability_id:tool:cli_time exposure:callable kind:tool scope:builtin security_event:capability_exposure_resolved trust_class:builtin_trusted] msg=capability exposure resolved
workspace 2026/06/14 20:48:55.831311 [state_change] node= task= meta=map[capability:file_write capability_id:tool:file_write exposure:callable kind:tool scope:builtin security_event:capability_exposure_resolved trust_class:builtin_trusted] msg=capability exposure resolved
workspace 2026/06/14 20:48:55.831319 [state_change] node= task= meta=map[capability:git_diff capability_id:tool:git_diff exposure:callable kind:tool scope:builtin security_event:capability_exposure_resolved trust_class:builtin_trusted] msg=capability exposure resolved
workspace 2026/06/14 20:48:55.831327 [state_change] node= task= meta=map[capability:cli_ping capability_id:tool:cli_ping exposure:callable kind:tool scope:builtin security_event:capability_exposure_resolved trust_class:builtin_trusted] msg=capability exposure resolved
workspace 2026/06/14 20:48:55.831337 [state_change] node= task= meta=map[capability:git_branch capability_id:tool:git_branch exposure:callable kind:tool scope:builtin security_event:capability_exposure_resolved trust_class:builtin_trusted] msg=capability exposure resolved
workspace 2026/06/14 20:48:55.831345 [state_change] node= task= meta=map[capability:bash capability_id:tool:bash exposure:callable kind:tool scope:builtin security_event:capability_exposure_resolved trust_class:builtin_trusted] msg=capability exposure resolved
workspace 2026/06/14 20:48:55.831353 [state_change] node= task= meta=map[capability:cli_pkg_config capability_id:tool:cli_pkg_config exposure:callable kind:tool scope:builtin security_event:capability_exposure_resolved trust_class:builtin_trusted] msg=capability exposure resolved
workspace 2026/06/14 20:48:55.831361 [state_change] node= task= meta=map[capability:cli_sort capability_id:tool:cli_sort exposure:callable kind:tool scope:builtin security_event:capability_exposure_resolved trust_class:builtin_trusted] msg=capability exposure resolved
workspace 2026/06/14 20:48:55.831369 [state_change] node= task= meta=map[capability:cli_dig capability_id:tool:cli_dig exposure:callable kind:tool scope:builtin security_event:capability_exposure_resolved trust_class:builtin_trusted] msg=capability exposure resolved
workspace 2026/06/14 20:48:55.831377 [state_change] node= task= meta=map[capability:git_history capability_id:tool:git_history exposure:callable kind:tool scope:builtin security_event:capability_exposure_resolved trust_class:builtin_trusted] msg=capability exposure resolved
workspace 2026/06/14 20:48:55.831385 [state_change] node= task= meta=map[capability:cli_fd capability_id:tool:cli_fd exposure:callable kind:tool scope:builtin security_event:capability_exposure_resolved trust_class:builtin_trusted] msg=capability exposure resolved
workspace 2026/06/14 20:48:55.831393 [state_change] node= task= meta=map[capability:cli_git capability_id:tool:cli_git exposure:callable kind:tool scope:builtin security_event:capability_exposure_resolved trust_class:builtin_trusted] msg=capability exposure resolved
workspace 2026/06/14 20:48:55.831402 [state_change] node= task= meta=map[capability:cli_ag capability_id:tool:cli_ag exposure:callable kind:tool scope:builtin security_event:capability_exposure_resolved trust_class:builtin_trusted] msg=capability exposure resolved
workspace 2026/06/14 20:48:55.831412 [state_change] node= task= meta=map[capability:cli_diff capability_id:tool:cli_diff exposure:callable kind:tool scope:builtin security_event:capability_exposure_resolved trust_class:builtin_trusted] msg=capability exposure resolved
workspace 2026/06/14 20:48:55.831420 [state_change] node= task= meta=map[capability:cli_perf capability_id:tool:cli_perf exposure:callable kind:tool scope:builtin security_event:capability_exposure_resolved trust_class:builtin_trusted] msg=capability exposure resolved
workspace 2026/06/14 20:48:55.831429 [state_change] node= task= meta=map[capability:cli_perl capability_id:tool:cli_perl exposure:callable kind:tool scope:builtin security_event:capability_exposure_resolved trust_class:builtin_trusted] msg=capability exposure resolved
workspace 2026/06/14 20:48:55.831437 [state_change] node= task= meta=map[capability:cli_gdb capability_id:tool:cli_gdb exposure:callable kind:tool scope:builtin security_event:capability_exposure_resolved trust_class:builtin_trusted] msg=capability exposure resolved
workspace 2026/06/14 20:48:55.831445 [state_change] node= task= meta=map[capability:cli_wc capability_id:tool:cli_wc exposure:callable kind:tool scope:builtin security_event:capability_exposure_resolved trust_class:builtin_trusted] msg=capability exposure resolved
workspace 2026/06/14 20:48:55.831455 [state_change] node= task= meta=map[capability:cli_cargo capability_id:tool:cli_cargo exposure:callable kind:tool scope:builtin security_event:capability_exposure_resolved trust_class:builtin_trusted] msg=capability exposure resolved
workspace 2026/06/14 20:48:55.831463 [state_change] node= task= meta=map[capability:cli_du capability_id:tool:cli_du exposure:callable kind:tool scope:builtin security_event:capability_exposure_resolved trust_class:builtin_trusted] msg=capability exposure resolved
workspace 2026/06/14 20:48:55.831471 [state_change] node= task= meta=map[capability:cli_uptime capability_id:tool:cli_uptime exposure:callable kind:tool scope:builtin security_event:capability_exposure_resolved trust_class:builtin_trusted] msg=capability exposure resolved
workspace 2026/06/14 20:48:55.831482 [state_change] node= task= meta=map[capability:query_ast capability_id:tool:query_ast exposure:callable kind:tool scope:builtin security_event:capability_exposure_resolved trust_class:builtin-trusted] msg=capability exposure resolved
workspace 2026/06/14 20:48:55.831490 [state_change] node= task= meta=map[capability:cli_uniq capability_id:tool:cli_uniq exposure:callable kind:tool scope:builtin security_event:capability_exposure_resolved trust_class:builtin_trusted] msg=capability exposure resolved
workspace 2026/06/14 20:48:55.831498 [state_change] node= task= meta=map[capability:cli_ps capability_id:tool:cli_ps exposure:callable kind:tool scope:builtin security_event:capability_exposure_resolved trust_class:builtin_trusted] msg=capability exposure resolved
workspace 2026/06/14 20:48:55.831506 [state_change] node= task= meta=map[capability:cli_patch capability_id:tool:cli_patch exposure:callable kind:tool scope:builtin security_event:capability_exposure_resolved trust_class:builtin_trusted] msg=capability exposure resolved
workspace 2026/06/14 20:48:55.831514 [state_change] node= task= meta=map[capability:pipe_fd_rg capability_id:tool:pipe_fd_rg exposure:callable kind:tool scope:builtin security_event:capability_exposure_resolved trust_class:builtin_trusted] msg=capability exposure resolved
workspace 2026/06/14 20:48:55.831523 [state_change] node= task= meta=map[capability:cli_yq capability_id:tool:cli_yq exposure:callable kind:tool scope:builtin security_event:capability_exposure_resolved trust_class:builtin_trusted] msg=capability exposure resolved
workspace 2026/06/14 20:48:55.831531 [state_change] node= task= meta=map[capability:cli_npm capability_id:tool:cli_npm exposure:callable kind:tool scope:builtin security_event:capability_exposure_resolved trust_class:builtin_trusted] msg=capability exposure resolved
workspace 2026/06/14 20:48:55.831541 [state_change] node= task= meta=map[capability:search_semantic capability_id:tool:search_semantic exposure:callable kind:tool scope:builtin security_event:capability_exposure_resolved trust_class:builtin-trusted] msg=capability exposure resolved
workspace 2026/06/14 20:48:55.831549 [state_change] node= task= meta=map[capability:cli_valgrind capability_id:tool:cli_valgrind exposure:callable kind:tool scope:builtin security_event:capability_exposure_resolved trust_class:builtin_trusted] msg=capability exposure resolved
workspace 2026/06/14 20:48:55.831557 [state_change] node= task= meta=map[capability:cli_rustfmt capability_id:tool:cli_rustfmt exposure:callable kind:tool scope:builtin security_event:capability_exposure_resolved trust_class:builtin_trusted] msg=capability exposure resolved
workspace 2026/06/14 20:48:55.831567 [state_change] node= task= meta=map[capability:search_find_similar capability_id:tool:search_find_similar exposure:callable kind:tool scope:builtin security_event:capability_exposure_resolved trust_class:builtin-trusted] msg=capability exposure resolved
workspace 2026/06/14 20:48:55.831576 [state_change] node= task= meta=map[capability:cli_lsblk capability_id:tool:cli_lsblk exposure:callable kind:tool scope:builtin security_event:capability_exposure_resolved trust_class:builtin_trusted] msg=capability exposure resolved
workspace 2026/06/14 20:48:55.831584 [state_change] node= task= meta=map[capability:cli_bzip2 capability_id:tool:cli_bzip2 exposure:callable kind:tool scope:builtin security_event:capability_exposure_resolved trust_class:builtin_trusted] msg=capability exposure resolved
workspace 2026/06/14 20:48:55.831592 [state_change] node= task= meta=map[capability:cli_cmake capability_id:tool:cli_cmake exposure:callable kind:tool scope:builtin security_event:capability_exposure_resolved trust_class:builtin_trusted] msg=capability exposure resolved
workspace 2026/06/14 20:48:55.831600 [state_change] node= task= meta=map[capability:cli_ed capability_id:tool:cli_ed exposure:callable kind:tool scope:builtin security_event:capability_exposure_resolved trust_class:builtin_trusted] msg=capability exposure resolved
workspace 2026/06/14 20:48:55.831608 [state_change] node= task= meta=map[capability:cli_mkdir capability_id:tool:cli_mkdir exposure:callable kind:tool scope:builtin security_event:capability_exposure_resolved trust_class:builtin_trusted] msg=capability exposure resolved
workspace 2026/06/14 20:48:55.831617 [state_change] node= task= meta=map[capability:cli_stat capability_id:tool:cli_stat exposure:callable kind:tool scope:builtin security_event:capability_exposure_resolved trust_class:builtin_trusted] msg=capability exposure resolved
workspace 2026/06/14 20:48:55.831625 [state_change] node= task= meta=map[capability:lsp_get_definition capability_id:tool:lsp_get_definition exposure:callable kind:tool scope:builtin security_event:capability_exposure_resolved trust_class:builtin_trusted] msg=capability exposure resolved
workspace 2026/06/14 20:48:55.831633 [state_change] node= task= meta=map[capability:cli_sed capability_id:tool:cli_sed exposure:callable kind:tool scope:builtin security_event:capability_exposure_resolved trust_class:builtin_trusted] msg=capability exposure resolved
workspace 2026/06/14 20:48:55.831641 [state_change] node= task= meta=map[capability:file_search capability_id:tool:file_search exposure:callable kind:tool scope:builtin security_event:capability_exposure_resolved trust_class:builtin_trusted] msg=capability exposure resolved
workspace 2026/06/14 20:48:55.831649 [state_change] node= task= meta=map[capability:file_read capability_id:tool:file_read exposure:callable kind:tool scope:builtin security_event:capability_exposure_resolved trust_class:builtin_trusted] msg=capability exposure resolved
workspace 2026/06/14 20:48:55.831658 [state_change] node= task= meta=map[capability:cli_curl capability_id:tool:cli_curl exposure:callable kind:tool scope:builtin security_event:capability_exposure_resolved trust_class:builtin_trusted] msg=capability exposure resolved
workspace 2026/06/14 20:48:55.831678 [state_change] node= task= meta=map[capability:cli_df capability_id:tool:cli_df exposure:callable kind:tool scope:builtin security_event:capability_exposure_resolved trust_class:builtin_trusted] msg=capability exposure resolved
workspace 2026/06/14 20:48:55.831686 [state_change] node= task= meta=map[capability:cli_locate capability_id:tool:cli_locate exposure:callable kind:tool scope:builtin security_event:capability_exposure_resolved trust_class:builtin_trusted] msg=capability exposure resolved
workspace 2026/06/14 20:48:55.831694 [state_change] node= task= meta=map[capability:cli_rg capability_id:tool:cli_rg exposure:callable kind:tool scope:builtin security_event:capability_exposure_resolved trust_class:builtin_trusted] msg=capability exposure resolved
workspace 2026/06/14 20:48:55.831702 [state_change] node= task= meta=map[capability:cli_ldd capability_id:tool:cli_ldd exposure:callable kind:tool scope:builtin security_event:capability_exposure_resolved trust_class:builtin_trusted] msg=capability exposure resolved
workspace 2026/06/14 20:48:55.831711 [state_change] node= task= meta=map[capability:cli_column capability_id:tool:cli_column exposure:callable kind:tool scope:builtin security_event:capability_exposure_resolved trust_class:builtin_trusted] msg=capability exposure resolved
workspace 2026/06/14 20:48:55.831719 [state_change] node= task= meta=map[capability:cli_tr capability_id:tool:cli_tr exposure:callable kind:tool scope:builtin security_event:capability_exposure_resolved trust_class:builtin_trusted] msg=capability exposure resolved
workspace 2026/06/14 20:48:55.833961 workspace: prompt registry loaded: 26 prompts
workspace 2026/06/14 20:48:55.834021 workspace: workspace opened successfully
workspace 2026/06/14 20:48:55.834111 warning: event log not available from workspace
workspace 2026/06/14 20:48:55.834227 [state_change] node= task= meta=map[provider:ollama] msg=backend_selected
workspace 2026/06/14 20:48:55.834265 [state_change] node= task= meta=map[capability:lsp_get_diagnostics capability_id:tool:lsp_get_diagnostics exposure:callable kind:tool scope:builtin security_event:capability_exposure_resolved trust_class:builtin_trusted] msg=capability exposure resolved
workspace 2026/06/14 20:48:55.834276 [state_change] node= task= meta=map[capability:cli_cut capability_id:tool:cli_cut exposure:callable kind:tool scope:builtin security_event:capability_exposure_resolved trust_class:builtin_trusted] msg=capability exposure resolved
workspace 2026/06/14 20:48:55.834284 [state_change] node= task= meta=map[capability:lsp_search_symbols capability_id:tool:lsp_search_symbols exposure:callable kind:tool scope:builtin security_event:capability_exposure_resolved trust_class:builtin_trusted] msg=capability exposure resolved
workspace 2026/06/14 20:48:55.834291 [state_change] node= task= meta=map[capability:cli_tree capability_id:tool:cli_tree exposure:callable kind:tool scope:builtin security_event:capability_exposure_resolved trust_class:builtin_trusted] msg=capability exposure resolved
workspace 2026/06/14 20:48:55.834299 [state_change] node= task= meta=map[capability:cli_htop capability_id:tool:cli_htop exposure:callable kind:tool scope:builtin security_event:capability_exposure_resolved trust_class:builtin_trusted] msg=capability exposure resolved
workspace 2026/06/14 20:48:55.834307 [state_change] node= task= meta=map[capability:cli_at capability_id:tool:cli_at exposure:callable kind:tool scope:builtin security_event:capability_exposure_resolved trust_class:builtin_trusted] msg=capability exposure resolved
workspace 2026/06/14 20:48:55.834314 [state_change] node= task= meta=map[capability:cli_xz capability_id:tool:cli_xz exposure:callable kind:tool scope:builtin security_event:capability_exposure_resolved trust_class:builtin_trusted] msg=capability exposure resolved
workspace 2026/06/14 20:48:55.834324 [state_change] node= task= meta=map[capability:cli_ss capability_id:tool:cli_ss exposure:callable kind:tool scope:builtin security_event:capability_exposure_resolved trust_class:builtin_trusted] msg=capability exposure resolved
workspace 2026/06/14 20:48:55.834334 [state_change] node= task= meta=map[capability:lsp_format capability_id:tool:lsp_format exposure:callable kind:tool scope:builtin security_event:capability_exposure_resolved trust_class:builtin_trusted] msg=capability exposure resolved
workspace 2026/06/14 20:48:55.834348 [state_change] node= task= meta=map[capability:cli_nslookup capability_id:tool:cli_nslookup exposure:callable kind:tool scope:builtin security_event:capability_exposure_resolved trust_class:builtin_trusted] msg=capability exposure resolved
workspace 2026/06/14 20:48:55.834356 [state_change] node= task= meta=map[capability:search_grep capability_id:tool:search_grep exposure:callable kind:tool scope:builtin security_event:capability_exposure_resolved trust_class:builtin_trusted] msg=capability exposure resolved
workspace 2026/06/14 20:48:55.834363 [state_change] node= task= meta=map[capability:cli_objdump capability_id:tool:cli_objdump exposure:callable kind:tool scope:builtin security_event:capability_exposure_resolved trust_class:builtin_trusted] msg=capability exposure resolved
workspace 2026/06/14 20:48:55.834374 [state_change] node= task= meta=map[capability:cli_hexdump capability_id:tool:cli_hexdump exposure:callable kind:tool scope:builtin security_event:capability_exposure_resolved trust_class:builtin_trusted] msg=capability exposure resolved
workspace 2026/06/14 20:48:55.834381 [state_change] node= task= meta=map[capability:cli_xxd capability_id:tool:cli_xxd exposure:callable kind:tool scope:builtin security_event:capability_exposure_resolved trust_class:builtin_trusted] msg=capability exposure resolved
workspace 2026/06/14 20:48:55.834389 [state_change] node= task= meta=map[capability:lsp_document_symbols capability_id:tool:lsp_document_symbols exposure:callable kind:tool scope:builtin security_event:capability_exposure_resolved trust_class:builtin_trusted] msg=capability exposure resolved
workspace 2026/06/14 20:48:55.834396 [state_change] node= task= meta=map[capability:cli_nc capability_id:tool:cli_nc exposure:callable kind:tool scope:builtin security_event:capability_exposure_resolved trust_class:builtin_trusted] msg=capability exposure resolved
workspace 2026/06/14 20:48:55.834403 [state_change] node= task= meta=map[capability:cli_time capability_id:tool:cli_time exposure:callable kind:tool scope:builtin security_event:capability_exposure_resolved trust_class:builtin_trusted] msg=capability exposure resolved
workspace 2026/06/14 20:48:55.834410 [state_change] node= task= meta=map[capability:file_write capability_id:tool:file_write exposure:callable kind:tool scope:builtin security_event:capability_exposure_resolved trust_class:builtin_trusted] msg=capability exposure resolved
workspace 2026/06/14 20:48:55.834418 [state_change] node= task= meta=map[capability:git_diff capability_id:tool:git_diff exposure:callable kind:tool scope:builtin security_event:capability_exposure_resolved trust_class:builtin_trusted] msg=capability exposure resolved
workspace 2026/06/14 20:48:55.834425 [state_change] node= task= meta=map[capability:cli_ping capability_id:tool:cli_ping exposure:callable kind:tool scope:builtin security_event:capability_exposure_resolved trust_class:builtin_trusted] msg=capability exposure resolved
workspace 2026/06/14 20:48:55.834440 [state_change] node= task= meta=map[capability:git_branch capability_id:tool:git_branch exposure:callable kind:tool scope:builtin security_event:capability_exposure_resolved trust_class:builtin_trusted] msg=capability exposure resolved
workspace 2026/06/14 20:48:55.834447 [state_change] node= task= meta=map[capability:bash capability_id:tool:bash exposure:callable kind:tool scope:builtin security_event:capability_exposure_resolved trust_class:builtin_trusted] msg=capability exposure resolved
workspace 2026/06/14 20:48:55.834454 [state_change] node= task= meta=map[capability:cli_pkg_config capability_id:tool:cli_pkg_config exposure:callable kind:tool scope:builtin security_event:capability_exposure_resolved trust_class:builtin_trusted] msg=capability exposure resolved
workspace 2026/06/14 20:48:55.834464 [state_change] node= task= meta=map[capability:cli_sort capability_id:tool:cli_sort exposure:callable kind:tool scope:builtin security_event:capability_exposure_resolved trust_class:builtin_trusted] msg=capability exposure resolved
workspace 2026/06/14 20:48:55.834471 [state_change] node= task= meta=map[capability:cli_dig capability_id:tool:cli_dig exposure:callable kind:tool scope:builtin security_event:capability_exposure_resolved trust_class:builtin_trusted] msg=capability exposure resolved
workspace 2026/06/14 20:48:55.834478 [state_change] node= task= meta=map[capability:git_history capability_id:tool:git_history exposure:callable kind:tool scope:builtin security_event:capability_exposure_resolved trust_class:builtin_trusted] msg=capability exposure resolved
workspace 2026/06/14 20:48:55.834488 [state_change] node= task= meta=map[capability:cli_fd capability_id:tool:cli_fd exposure:callable kind:tool scope:builtin security_event:capability_exposure_resolved trust_class:builtin_trusted] msg=capability exposure resolved
workspace 2026/06/14 20:48:55.834496 [state_change] node= task= meta=map[capability:cli_git capability_id:tool:cli_git exposure:callable kind:tool scope:builtin security_event:capability_exposure_resolved trust_class:builtin_trusted] msg=capability exposure resolved
workspace 2026/06/14 20:48:55.834503 [state_change] node= task= meta=map[capability:cli_ag capability_id:tool:cli_ag exposure:callable kind:tool scope:builtin security_event:capability_exposure_resolved trust_class:builtin_trusted] msg=capability exposure resolved
workspace 2026/06/14 20:48:55.834510 [state_change] node= task= meta=map[capability:cli_diff capability_id:tool:cli_diff exposure:callable kind:tool scope:builtin security_event:capability_exposure_resolved trust_class:builtin_trusted] msg=capability exposure resolved
workspace 2026/06/14 20:48:55.834517 [state_change] node= task= meta=map[capability:cli_perf capability_id:tool:cli_perf exposure:callable kind:tool scope:builtin security_event:capability_exposure_resolved trust_class:builtin_trusted] msg=capability exposure resolved
workspace 2026/06/14 20:48:55.834528 [state_change] node= task= meta=map[capability:cli_perl capability_id:tool:cli_perl exposure:callable kind:tool scope:builtin security_event:capability_exposure_resolved trust_class:builtin_trusted] msg=capability exposure resolved
workspace 2026/06/14 20:48:55.834538 [state_change] node= task= meta=map[capability:cli_gdb capability_id:tool:cli_gdb exposure:callable kind:tool scope:builtin security_event:capability_exposure_resolved trust_class:builtin_trusted] msg=capability exposure resolved
workspace 2026/06/14 20:48:55.834547 [state_change] node= task= meta=map[capability:cli_wc capability_id:tool:cli_wc exposure:callable kind:tool scope:builtin security_event:capability_exposure_resolved trust_class:builtin_trusted] msg=capability exposure resolved
workspace 2026/06/14 20:48:55.834555 [state_change] node= task= meta=map[capability:cli_cargo capability_id:tool:cli_cargo exposure:callable kind:tool scope:builtin security_event:capability_exposure_resolved trust_class:builtin_trusted] msg=capability exposure resolved
workspace 2026/06/14 20:48:55.834562 [state_change] node= task= meta=map[capability:cli_du capability_id:tool:cli_du exposure:callable kind:tool scope:builtin security_event:capability_exposure_resolved trust_class:builtin_trusted] msg=capability exposure resolved
workspace 2026/06/14 20:48:55.834569 [state_change] node= task= meta=map[capability:cli_uptime capability_id:tool:cli_uptime exposure:callable kind:tool scope:builtin security_event:capability_exposure_resolved trust_class:builtin_trusted] msg=capability exposure resolved
workspace 2026/06/14 20:48:55.834577 [state_change] node= task= meta=map[capability:query_ast capability_id:tool:query_ast exposure:callable kind:tool scope:builtin security_event:capability_exposure_resolved trust_class:builtin-trusted] msg=capability exposure resolved
workspace 2026/06/14 20:48:55.834586 [state_change] node= task= meta=map[capability:cli_uniq capability_id:tool:cli_uniq exposure:callable kind:tool scope:builtin security_event:capability_exposure_resolved trust_class:builtin_trusted] msg=capability exposure resolved
workspace 2026/06/14 20:48:55.834596 [state_change] node= task= meta=map[capability:cli_ps capability_id:tool:cli_ps exposure:callable kind:tool scope:builtin security_event:capability_exposure_resolved trust_class:builtin_trusted] msg=capability exposure resolved
workspace 2026/06/14 20:48:55.834603 [state_change] node= task= meta=map[capability:cli_patch capability_id:tool:cli_patch exposure:callable kind:tool scope:builtin security_event:capability_exposure_resolved trust_class:builtin_trusted] msg=capability exposure resolved
workspace 2026/06/14 20:48:55.834611 [state_change] node= task= meta=map[capability:pipe_fd_rg capability_id:tool:pipe_fd_rg exposure:callable kind:tool scope:builtin security_event:capability_exposure_resolved trust_class:builtin_trusted] msg=capability exposure resolved
workspace 2026/06/14 20:48:55.834618 [state_change] node= task= meta=map[capability:cli_yq capability_id:tool:cli_yq exposure:callable kind:tool scope:builtin security_event:capability_exposure_resolved trust_class:builtin_trusted] msg=capability exposure resolved
workspace 2026/06/14 20:48:55.834628 [state_change] node= task= meta=map[capability:cli_npm capability_id:tool:cli_npm exposure:callable kind:tool scope:builtin security_event:capability_exposure_resolved trust_class:builtin_trusted] msg=capability exposure resolved
workspace 2026/06/14 20:48:55.834635 [state_change] node= task= meta=map[capability:search_semantic capability_id:tool:search_semantic exposure:callable kind:tool scope:builtin security_event:capability_exposure_resolved trust_class:builtin-trusted] msg=capability exposure resolved
workspace 2026/06/14 20:48:55.834643 [state_change] node= task= meta=map[capability:cli_valgrind capability_id:tool:cli_valgrind exposure:callable kind:tool scope:builtin security_event:capability_exposure_resolved trust_class:builtin_trusted] msg=capability exposure resolved
workspace 2026/06/14 20:48:55.834652 [state_change] node= task= meta=map[capability:cli_rustfmt capability_id:tool:cli_rustfmt exposure:callable kind:tool scope:builtin security_event:capability_exposure_resolved trust_class:builtin_trusted] msg=capability exposure resolved
workspace 2026/06/14 20:48:55.834659 [state_change] node= task= meta=map[capability:search_find_similar capability_id:tool:search_find_similar exposure:callable kind:tool scope:builtin security_event:capability_exposure_resolved trust_class:builtin-trusted] msg=capability exposure resolved
workspace 2026/06/14 20:48:55.834666 [state_change] node= task= meta=map[capability:cli_lsblk capability_id:tool:cli_lsblk exposure:callable kind:tool scope:builtin security_event:capability_exposure_resolved trust_class:builtin_trusted] msg=capability exposure resolved
workspace 2026/06/14 20:48:55.834674 [state_change] node= task= meta=map[capability:cli_bzip2 capability_id:tool:cli_bzip2 exposure:callable kind:tool scope:builtin security_event:capability_exposure_resolved trust_class:builtin_trusted] msg=capability exposure resolved
workspace 2026/06/14 20:48:55.834681 [state_change] node= task= meta=map[capability:cli_cmake capability_id:tool:cli_cmake exposure:callable kind:tool scope:builtin security_event:capability_exposure_resolved trust_class:builtin_trusted] msg=capability exposure resolved
workspace 2026/06/14 20:48:55.834691 [state_change] node= task= meta=map[capability:cli_ed capability_id:tool:cli_ed exposure:callable kind:tool scope:builtin security_event:capability_exposure_resolved trust_class:builtin_trusted] msg=capability exposure resolved
workspace 2026/06/14 20:48:55.834698 [state_change] node= task= meta=map[capability:cli_mkdir capability_id:tool:cli_mkdir exposure:callable kind:tool scope:builtin security_event:capability_exposure_resolved trust_class:builtin_trusted] msg=capability exposure resolved
workspace 2026/06/14 20:48:55.834714 [state_change] node= task= meta=map[capability:cli_stat capability_id:tool:cli_stat exposure:callable kind:tool scope:builtin security_event:capability_exposure_resolved trust_class:builtin_trusted] msg=capability exposure resolved
workspace 2026/06/14 20:48:55.834724 [state_change] node= task= meta=map[capability:lsp_get_definition capability_id:tool:lsp_get_definition exposure:callable kind:tool scope:builtin security_event:capability_exposure_resolved trust_class:builtin_trusted] msg=capability exposure resolved
workspace 2026/06/14 20:48:55.834732 [state_change] node= task= meta=map[capability:cli_sed capability_id:tool:cli_sed exposure:callable kind:tool scope:builtin security_event:capability_exposure_resolved trust_class:builtin_trusted] msg=capability exposure resolved
workspace 2026/06/14 20:48:55.834739 [state_change] node= task= meta=map[capability:file_search capability_id:tool:file_search exposure:callable kind:tool scope:builtin security_event:capability_exposure_resolved trust_class:builtin_trusted] msg=capability exposure resolved
workspace 2026/06/14 20:48:55.834746 [state_change] node= task= meta=map[capability:file_read capability_id:tool:file_read exposure:callable kind:tool scope:builtin security_event:capability_exposure_resolved trust_class:builtin_trusted] msg=capability exposure resolved
workspace 2026/06/14 20:48:55.834753 [state_change] node= task= meta=map[capability:cli_curl capability_id:tool:cli_curl exposure:callable kind:tool scope:builtin security_event:capability_exposure_resolved trust_class:builtin_trusted] msg=capability exposure resolved
workspace 2026/06/14 20:48:55.834762 [state_change] node= task= meta=map[capability:cli_df capability_id:tool:cli_df exposure:callable kind:tool scope:builtin security_event:capability_exposure_resolved trust_class:builtin_trusted] msg=capability exposure resolved
workspace 2026/06/14 20:48:55.834769 [state_change] node= task= meta=map[capability:cli_locate capability_id:tool:cli_locate exposure:callable kind:tool scope:builtin security_event:capability_exposure_resolved trust_class:builtin_trusted] msg=capability exposure resolved
workspace 2026/06/14 20:48:55.834777 [state_change] node= task= meta=map[capability:cli_rg capability_id:tool:cli_rg exposure:callable kind:tool scope:builtin security_event:capability_exposure_resolved trust_class:builtin_trusted] msg=capability exposure resolved
workspace 2026/06/14 20:48:55.834784 [state_change] node= task= meta=map[capability:cli_ldd capability_id:tool:cli_ldd exposure:callable kind:tool scope:builtin security_event:capability_exposure_resolved trust_class:builtin_trusted] msg=capability exposure resolved
workspace 2026/06/14 20:48:55.834791 [state_change] node= task= meta=map[capability:cli_column capability_id:tool:cli_column exposure:callable kind:tool scope:builtin security_event:capability_exposure_resolved trust_class:builtin_trusted] msg=capability exposure resolved
workspace 2026/06/14 20:48:55.834798 [state_change] node= task= meta=map[capability:cli_tr capability_id:tool:cli_tr exposure:callable kind:tool scope:builtin security_event:capability_exposure_resolved trust_class:builtin_trusted] msg=capability exposure resolved
workspace 2026/06/14 20:48:55.834808 [state_change] node= task= meta=map[capability:git_commit capability_id:tool:git_commit exposure:callable kind:tool scope:builtin security_event:capability_exposure_resolved trust_class:builtin_trusted] msg=capability exposure resolved
workspace 2026/06/14 20:48:55.834819 [state_change] node= task= meta=map[capability:file_create capability_id:tool:file_create exposure:callable kind:tool scope:builtin security_event:capability_exposure_resolved trust_class:builtin_trusted] msg=capability exposure resolved
workspace 2026/06/14 20:48:55.834826 [state_change] node= task= meta=map[capability:file_delete capability_id:tool:file_delete exposure:callable kind:tool scope:builtin security_event:capability_exposure_resolved trust_class:builtin_trusted] msg=capability exposure resolved
workspace 2026/06/14 20:48:55.834835 [state_change] node= task= meta=map[capability:cli_file capability_id:tool:cli_file exposure:callable kind:tool scope:builtin security_event:capability_exposure_resolved trust_class:builtin_trusted] msg=capability exposure resolved
workspace 2026/06/14 20:48:55.834842 [state_change] node= task= meta=map[capability:cli_awk capability_id:tool:cli_awk exposure:callable kind:tool scope:builtin security_event:capability_exposure_resolved trust_class:builtin_trusted] msg=capability exposure resolved
workspace 2026/06/14 20:48:55.834849 [state_change] node= task= meta=map[capability:cli_python capability_id:tool:cli_python exposure:callable kind:tool scope:builtin security_event:capability_exposure_resolved trust_class:builtin_trusted] msg=capability exposure resolved
workspace 2026/06/14 20:48:55.834856 [state_change] node= task= meta=map[capability:cli_echo capability_id:tool:cli_echo exposure:callable kind:tool scope:builtin security_event:capability_exposure_resolved trust_class:builtin_trusted] msg=capability exposure resolved
workspace 2026/06/14 20:48:55.834868 [state_change] node= task= meta=map[capability:cli_comm capability_id:tool:cli_comm exposure:callable kind:tool scope:builtin security_event:capability_exposure_resolved trust_class:builtin_trusted] msg=capability exposure resolved
workspace 2026/06/14 20:48:55.834875 [state_change] node= task= meta=map[capability:cli_rev capability_id:tool:cli_rev exposure:callable kind:tool scope:builtin security_event:capability_exposure_resolved trust_class:builtin_trusted] msg=capability exposure resolved
workspace 2026/06/14 20:48:55.834882 [state_change] node= task= meta=map[capability:cli_ip capability_id:tool:cli_ip exposure:callable kind:tool scope:builtin security_event:capability_exposure_resolved trust_class:builtin_trusted] msg=capability exposure resolved
workspace 2026/06/14 20:48:55.834892 [state_change] node= task= meta=map[capability:cli_gzip capability_id:tool:cli_gzip exposure:callable kind:tool scope:builtin security_event:capability_exposure_resolved trust_class:builtin_trusted] msg=capability exposure resolved
workspace 2026/06/14 20:48:55.834900 [state_change] node= task= meta=map[capability:cli_make capability_id:tool:cli_make exposure:callable kind:tool scope:builtin security_event:capability_exposure_resolved trust_class:builtin_trusted] msg=capability exposure resolved
workspace 2026/06/14 20:48:55.834910 [state_change] node= task= meta=map[capability:cli_go capability_id:tool:cli_go exposure:callable kind:tool scope:builtin security_event:capability_exposure_resolved trust_class:builtin_trusted] msg=capability exposure resolved
workspace 2026/06/14 20:48:55.834917 [state_change] node= task= meta=map[capability:cli_wget capability_id:tool:cli_wget exposure:callable kind:tool scope:builtin security_event:capability_exposure_resolved trust_class:builtin_trusted] msg=capability exposure resolved
workspace 2026/06/14 20:48:55.834924 [state_change] node= task= meta=map[capability:cli_top capability_id:tool:cli_top exposure:callable kind:tool scope:builtin security_event:capability_exposure_resolved trust_class:builtin_trusted] msg=capability exposure resolved
workspace 2026/06/14 20:48:55.834935 [state_change] node= task= meta=map[capability:cli_crontab capability_id:tool:cli_crontab exposure:callable kind:tool scope:builtin security_event:capability_exposure_resolved trust_class:builtin_trusted] msg=capability exposure resolved
workspace 2026/06/14 20:48:55.834942 [state_change] node= task= meta=map[capability:cli_paste capability_id:tool:cli_paste exposure:callable kind:tool scope:builtin security_event:capability_exposure_resolved trust_class:builtin_trusted] msg=capability exposure resolved
workspace 2026/06/14 20:48:55.834949 [state_change] node= task= meta=map[capability:cli_strace capability_id:tool:cli_strace exposure:callable kind:tool scope:builtin security_event:capability_exposure_resolved trust_class:builtin_trusted] msg=capability exposure resolved
workspace 2026/06/14 20:48:55.834964 [state_change] node= task= meta=map[capability:cli_tar capability_id:tool:cli_tar exposure:callable kind:tool scope:builtin security_event:capability_exposure_resolved trust_class:builtin_trusted] msg=capability exposure resolved
workspace 2026/06/14 20:48:55.834971 [state_change] node= task= meta=map[capability:cli_find capability_id:tool:cli_find exposure:callable kind:tool scope:builtin security_event:capability_exposure_resolved trust_class:builtin_trusted] msg=capability exposure resolved
workspace 2026/06/14 20:48:55.834989 [state_change] node= task= meta=map[capability:cli_colordiff capability_id:tool:cli_colordiff exposure:callable kind:tool scope:builtin security_event:capability_exposure_resolved trust_class:builtin_trusted] msg=capability exposure resolved
workspace 2026/06/14 20:48:55.834998 [state_change] node= task= meta=map[capability:cli_ex capability_id:tool:cli_ex exposure:callable kind:tool scope:builtin security_event:capability_exposure_resolved trust_class:builtin_trusted] msg=capability exposure resolved
workspace 2026/06/14 20:48:55.835005 [state_change] node= task= meta=map[capability:lsp_get_references capability_id:tool:lsp_get_references exposure:callable kind:tool scope:builtin security_event:capability_exposure_resolved trust_class:builtin_trusted] msg=capability exposure resolved
workspace 2026/06/14 20:48:55.835016 [state_change] node= task= meta=map[capability:cli_jq capability_id:tool:cli_jq exposure:callable kind:tool scope:builtin security_event:capability_exposure_resolved trust_class:builtin_trusted] msg=capability exposure resolved
workspace 2026/06/14 20:48:55.835023 [state_change] node= task= meta=map[capability:cli_lsof capability_id:tool:cli_lsof exposure:callable kind:tool scope:builtin security_event:capability_exposure_resolved trust_class:builtin_trusted] msg=capability exposure resolved
workspace 2026/06/14 20:48:55.835030 [state_change] node= task= meta=map[capability:cli_touch capability_id:tool:cli_touch exposure:callable kind:tool scope:builtin security_event:capability_exposure_resolved trust_class:builtin_trusted] msg=capability exposure resolved
workspace 2026/06/14 20:48:55.835037 [state_change] node= task= meta=map[capability:git_blame capability_id:tool:git_blame exposure:callable kind:tool scope:builtin security_event:capability_exposure_resolved trust_class:builtin_trusted] msg=capability exposure resolved
workspace 2026/06/14 20:48:55.835045 [state_change] node= task= meta=map[capability:lsp_get_hover capability_id:tool:lsp_get_hover exposure:callable kind:tool scope:builtin security_event:capability_exposure_resolved trust_class:builtin_trusted] msg=capability exposure resolved
workspace 2026/06/14 20:48:55.835055 [state_change] node= task= meta=map[capability:cli_systemctl capability_id:tool:cli_systemctl exposure:callable kind:tool scope:builtin security_event:capability_exposure_resolved trust_class:builtin_trusted] msg=capability exposure resolved
workspace 2026/06/14 20:48:55.835062 [state_change] node= task= meta=map[capability:cli_node capability_id:tool:cli_node exposure:callable kind:tool scope:builtin security_event:capability_exposure_resolved trust_class:builtin_trusted] msg=capability exposure resolved
workspace 2026/06/14 20:48:55.835070 [state_change] node= task= meta=map[capability:file_list capability_id:tool:file_list exposure:callable kind:tool scope:builtin security_event:capability_exposure_resolved trust_class:builtin_trusted] msg=capability exposure resolved
workspace 2026/06/14 20:48:55.835077 [state_change] node= task= meta=map[capability:go_test capability_id:tool:go_test exposure:callable kind:tool scope:builtin security_event:capability_exposure_resolved trust_class:builtin_trusted] msg=capability exposure resolved
2026/06/14 20:48:55 relurpish panic recovered: runtime error: invalid memory address or nil pointer dereference
workspace 2026/06/14 20:49:12.527836 [state_change] node= task= meta=map[capability:git_blame capability_id:tool:git_blame exposure:callable kind:tool scope:builtin security_event:capability_exposure_resolved trust_class:builtin_trusted] msg=capability exposure resolved
workspace 2026/06/14 20:49:12.527907 [state_change] node= task= meta=map[capability:cli_bzip2 capability_id:tool:cli_bzip2 exposure:callable kind:tool scope:builtin security_event:capability_exposure_resolved trust_class:builtin_trusted] msg=capability exposure resolved
workspace 2026/06/14 20:49:12.527920 [state_change] node= task= meta=map[capability:cli_python capability_id:tool:cli_python exposure:callable kind:tool scope:builtin security_event:capability_exposure_resolved trust_class:builtin_trusted] msg=capability exposure resolved
workspace 2026/06/14 20:49:12.527932 [state_change] node= task= meta=map[capability:cli_ping capability_id:tool:cli_ping exposure:callable kind:tool scope:builtin security_event:capability_exposure_resolved trust_class:builtin_trusted] msg=capability exposure resolved
workspace 2026/06/14 20:49:12.527942 [state_change] node= task= meta=map[capability:cli_find capability_id:tool:cli_find exposure:callable kind:tool scope:builtin security_event:capability_exposure_resolved trust_class:builtin_trusted] msg=capability exposure resolved
workspace 2026/06/14 20:49:12.527952 [state_change] node= task= meta=map[capability:cli_ip capability_id:tool:cli_ip exposure:callable kind:tool scope:builtin security_event:capability_exposure_resolved trust_class:builtin_trusted] msg=capability exposure resolved
workspace 2026/06/14 20:49:12.527962 [state_change] node= task= meta=map[capability:cli_cmake capability_id:tool:cli_cmake exposure:callable kind:tool scope:builtin security_event:capability_exposure_resolved trust_class:builtin_trusted] msg=capability exposure resolved
workspace 2026/06/14 20:49:12.527972 [state_change] node= task= meta=map[capability:cli_crontab capability_id:tool:cli_crontab exposure:callable kind:tool scope:builtin security_event:capability_exposure_resolved trust_class:builtin_trusted] msg=capability exposure resolved
workspace 2026/06/14 20:49:12.527995 [state_change] node= task= meta=map[capability:cli_curl capability_id:tool:cli_curl exposure:callable kind:tool scope:builtin security_event:capability_exposure_resolved trust_class:builtin_trusted] msg=capability exposure resolved
workspace 2026/06/14 20:49:12.528006 [state_change] node= task= meta=map[capability:cli_du capability_id:tool:cli_du exposure:callable kind:tool scope:builtin security_event:capability_exposure_resolved trust_class:builtin_trusted] msg=capability exposure resolved
workspace 2026/06/14 20:49:12.528016 [state_change] node= task= meta=map[capability:cli_dig capability_id:tool:cli_dig exposure:callable kind:tool scope:builtin security_event:capability_exposure_resolved trust_class:builtin_trusted] msg=capability exposure resolved
workspace 2026/06/14 20:49:12.528026 [state_change] node= task= meta=map[capability:cli_jq capability_id:tool:cli_jq exposure:callable kind:tool scope:builtin security_event:capability_exposure_resolved trust_class:builtin_trusted] msg=capability exposure resolved
workspace 2026/06/14 20:49:12.528036 [state_change] node= task= meta=map[capability:cli_npm capability_id:tool:cli_npm exposure:callable kind:tool scope:builtin security_event:capability_exposure_resolved trust_class:builtin_trusted] msg=capability exposure resolved
workspace 2026/06/14 20:49:12.528046 [state_change] node= task= meta=map[capability:cli_column capability_id:tool:cli_column exposure:callable kind:tool scope:builtin security_event:capability_exposure_resolved trust_class:builtin_trusted] msg=capability exposure resolved
workspace 2026/06/14 20:49:12.528059 [state_change] node= task= meta=map[capability:cli_tree capability_id:tool:cli_tree exposure:callable kind:tool scope:builtin security_event:capability_exposure_resolved trust_class:builtin_trusted] msg=capability exposure resolved
workspace 2026/06/14 20:49:12.528070 [state_change] node= task= meta=map[capability:lsp_get_definition capability_id:tool:lsp_get_definition exposure:callable kind:tool scope:builtin security_event:capability_exposure_resolved trust_class:builtin_trusted] msg=capability exposure resolved
workspace 2026/06/14 20:49:12.528083 [state_change] node= task= meta=map[capability:bash capability_id:tool:bash exposure:callable kind:tool scope:builtin security_event:capability_exposure_resolved trust_class:builtin_trusted] msg=capability exposure resolved
workspace 2026/06/14 20:49:12.528093 [state_change] node= task= meta=map[capability:cli_at capability_id:tool:cli_at exposure:callable kind:tool scope:builtin security_event:capability_exposure_resolved trust_class:builtin_trusted] msg=capability exposure resolved
workspace 2026/06/14 20:49:12.528102 [state_change] node= task= meta=map[capability:cli_uniq capability_id:tool:cli_uniq exposure:callable kind:tool scope:builtin security_event:capability_exposure_resolved trust_class:builtin_trusted] msg=capability exposure resolved
workspace 2026/06/14 20:49:12.528112 [state_change] node= task= meta=map[capability:cli_top capability_id:tool:cli_top exposure:callable kind:tool scope:builtin security_event:capability_exposure_resolved trust_class:builtin_trusted] msg=capability exposure resolved
workspace 2026/06/14 20:49:12.528122 [state_change] node= task= meta=map[capability:cli_sort capability_id:tool:cli_sort exposure:callable kind:tool scope:builtin security_event:capability_exposure_resolved trust_class:builtin_trusted] msg=capability exposure resolved
workspace 2026/06/14 20:49:12.528132 [state_change] node= task= meta=map[capability:cli_cargo capability_id:tool:cli_cargo exposure:callable kind:tool scope:builtin security_event:capability_exposure_resolved trust_class:builtin_trusted] msg=capability exposure resolved
workspace 2026/06/14 20:49:12.528142 [state_change] node= task= meta=map[capability:cli_lsof capability_id:tool:cli_lsof exposure:callable kind:tool scope:builtin security_event:capability_exposure_resolved trust_class:builtin_trusted] msg=capability exposure resolved
workspace 2026/06/14 20:49:12.528152 [state_change] node= task= meta=map[capability:lsp_get_references capability_id:tool:lsp_get_references exposure:callable kind:tool scope:builtin security_event:capability_exposure_resolved trust_class:builtin_trusted] msg=capability exposure resolved
workspace 2026/06/14 20:49:12.528162 [state_change] node= task= meta=map[capability:cli_nc capability_id:tool:cli_nc exposure:callable kind:tool scope:builtin security_event:capability_exposure_resolved trust_class:builtin_trusted] msg=capability exposure resolved
workspace 2026/06/14 20:49:12.528172 [state_change] node= task= meta=map[capability:cli_xz capability_id:tool:cli_xz exposure:callable kind:tool scope:builtin security_event:capability_exposure_resolved trust_class:builtin_trusted] msg=capability exposure resolved
workspace 2026/06/14 20:49:12.528182 [state_change] node= task= meta=map[capability:lsp_get_diagnostics capability_id:tool:lsp_get_diagnostics exposure:callable kind:tool scope:builtin security_event:capability_exposure_resolved trust_class:builtin_trusted] msg=capability exposure resolved
workspace 2026/06/14 20:49:12.528194 [state_change] node= task= meta=map[capability:git_diff capability_id:tool:git_diff exposure:callable kind:tool scope:builtin security_event:capability_exposure_resolved trust_class:builtin_trusted] msg=capability exposure resolved
workspace 2026/06/14 20:49:12.528204 [state_change] node= task= meta=map[capability:cli_echo capability_id:tool:cli_echo exposure:callable kind:tool scope:builtin security_event:capability_exposure_resolved trust_class:builtin_trusted] msg=capability exposure resolved
workspace 2026/06/14 20:49:12.528213 [state_change] node= task= meta=map[capability:cli_tr capability_id:tool:cli_tr exposure:callable kind:tool scope:builtin security_event:capability_exposure_resolved trust_class:builtin_trusted] msg=capability exposure resolved
workspace 2026/06/14 20:49:12.528222 [state_change] node= task= meta=map[capability:cli_tar capability_id:tool:cli_tar exposure:callable kind:tool scope:builtin security_event:capability_exposure_resolved trust_class:builtin_trusted] msg=capability exposure resolved
workspace 2026/06/14 20:49:12.528234 [state_change] node= task= meta=map[capability:git_branch capability_id:tool:git_branch exposure:callable kind:tool scope:builtin security_event:capability_exposure_resolved trust_class:builtin_trusted] msg=capability exposure resolved
workspace 2026/06/14 20:49:12.528244 [state_change] node= task= meta=map[capability:cli_perl capability_id:tool:cli_perl exposure:callable kind:tool scope:builtin security_event:capability_exposure_resolved trust_class:builtin_trusted] msg=capability exposure resolved
workspace 2026/06/14 20:49:12.528254 [state_change] node= task= meta=map[capability:git_commit capability_id:tool:git_commit exposure:callable kind:tool scope:builtin security_event:capability_exposure_resolved trust_class:builtin_trusted] msg=capability exposure resolved
workspace 2026/06/14 20:49:12.528264 [state_change] node= task= meta=map[capability:cli_awk capability_id:tool:cli_awk exposure:callable kind:tool scope:builtin security_event:capability_exposure_resolved trust_class:builtin_trusted] msg=capability exposure resolved
workspace 2026/06/14 20:49:12.528273 [state_change] node= task= meta=map[capability:cli_rg capability_id:tool:cli_rg exposure:callable kind:tool scope:builtin security_event:capability_exposure_resolved trust_class:builtin_trusted] msg=capability exposure resolved
workspace 2026/06/14 20:49:12.528282 [state_change] node= task= meta=map[capability:cli_xxd capability_id:tool:cli_xxd exposure:callable kind:tool scope:builtin security_event:capability_exposure_resolved trust_class:builtin_trusted] msg=capability exposure resolved
workspace 2026/06/14 20:49:12.528292 [state_change] node= task= meta=map[capability:cli_cut capability_id:tool:cli_cut exposure:callable kind:tool scope:builtin security_event:capability_exposure_resolved trust_class:builtin_trusted] msg=capability exposure resolved
workspace 2026/06/14 20:49:12.528301 [state_change] node= task= meta=map[capability:cli_stat capability_id:tool:cli_stat exposure:callable kind:tool scope:builtin security_event:capability_exposure_resolved trust_class:builtin_trusted] msg=capability exposure resolved
workspace 2026/06/14 20:49:12.528310 [state_change] node= task= meta=map[capability:cli_comm capability_id:tool:cli_comm exposure:callable kind:tool scope:builtin security_event:capability_exposure_resolved trust_class:builtin_trusted] msg=capability exposure resolved
workspace 2026/06/14 20:49:12.528322 [state_change] node= task= meta=map[capability:cli_gdb capability_id:tool:cli_gdb exposure:callable kind:tool scope:builtin security_event:capability_exposure_resolved trust_class:builtin_trusted] msg=capability exposure resolved
workspace 2026/06/14 20:49:12.528333 [state_change] node= task= meta=map[capability:file_create capability_id:tool:file_create exposure:callable kind:tool scope:builtin security_event:capability_exposure_resolved trust_class:builtin_trusted] msg=capability exposure resolved
workspace 2026/06/14 20:49:12.528342 [state_change] node= task= meta=map[capability:cli_wget capability_id:tool:cli_wget exposure:callable kind:tool scope:builtin security_event:capability_exposure_resolved trust_class:builtin_trusted] msg=capability exposure resolved
workspace 2026/06/14 20:49:12.528352 [state_change] node= task= meta=map[capability:cli_valgrind capability_id:tool:cli_valgrind exposure:callable kind:tool scope:builtin security_event:capability_exposure_resolved trust_class:builtin_trusted] msg=capability exposure resolved
workspace 2026/06/14 20:49:12.528362 [state_change] node= task= meta=map[capability:cli_rustfmt capability_id:tool:cli_rustfmt exposure:callable kind:tool scope:builtin security_event:capability_exposure_resolved trust_class:builtin_trusted] msg=capability exposure resolved
workspace 2026/06/14 20:49:12.528371 [state_change] node= task= meta=map[capability:cli_uptime capability_id:tool:cli_uptime exposure:callable kind:tool scope:builtin security_event:capability_exposure_resolved trust_class:builtin_trusted] msg=capability exposure resolved
workspace 2026/06/14 20:49:12.528380 [state_change] node= task= meta=map[capability:cli_diff capability_id:tool:cli_diff exposure:callable kind:tool scope:builtin security_event:capability_exposure_resolved trust_class:builtin_trusted] msg=capability exposure resolved
workspace 2026/06/14 20:49:12.528392 [state_change] node= task= meta=map[capability:file_delete capability_id:tool:file_delete exposure:callable kind:tool scope:builtin security_event:capability_exposure_resolved trust_class:builtin_trusted] msg=capability exposure resolved
workspace 2026/06/14 20:49:12.528401 [state_change] node= task= meta=map[capability:cli_file capability_id:tool:cli_file exposure:callable kind:tool scope:builtin security_event:capability_exposure_resolved trust_class:builtin_trusted] msg=capability exposure resolved
workspace 2026/06/14 20:49:12.528410 [state_change] node= task= meta=map[capability:cli_go capability_id:tool:cli_go exposure:callable kind:tool scope:builtin security_event:capability_exposure_resolved trust_class:builtin_trusted] msg=capability exposure resolved
workspace 2026/06/14 20:49:12.528420 [state_change] node= task= meta=map[capability:search_semantic capability_id:tool:search_semantic exposure:callable kind:tool scope:builtin security_event:capability_exposure_resolved trust_class:builtin-trusted] msg=capability exposure resolved
workspace 2026/06/14 20:49:12.528429 [state_change] node= task= meta=map[capability:cli_paste capability_id:tool:cli_paste exposure:callable kind:tool scope:builtin security_event:capability_exposure_resolved trust_class:builtin_trusted] msg=capability exposure resolved
workspace 2026/06/14 20:49:12.528437 [state_change] node= task= meta=map[capability:cli_ed capability_id:tool:cli_ed exposure:callable kind:tool scope:builtin security_event:capability_exposure_resolved trust_class:builtin_trusted] msg=capability exposure resolved
workspace 2026/06/14 20:49:12.528447 [state_change] node= task= meta=map[capability:cli_rev capability_id:tool:cli_rev exposure:callable kind:tool scope:builtin security_event:capability_exposure_resolved trust_class:builtin_trusted] msg=capability exposure resolved
workspace 2026/06/14 20:49:12.528455 [state_change] node= task= meta=map[capability:cli_ss capability_id:tool:cli_ss exposure:callable kind:tool scope:builtin security_event:capability_exposure_resolved trust_class:builtin_trusted] msg=capability exposure resolved
workspace 2026/06/14 20:49:12.528464 [state_change] node= task= meta=map[capability:file_list capability_id:tool:file_list exposure:callable kind:tool scope:builtin security_event:capability_exposure_resolved trust_class:builtin_trusted] msg=capability exposure resolved
workspace 2026/06/14 20:49:12.528472 [state_change] node= task= meta=map[capability:cli_systemctl capability_id:tool:cli_systemctl exposure:callable kind:tool scope:builtin security_event:capability_exposure_resolved trust_class:builtin_trusted] msg=capability exposure resolved
workspace 2026/06/14 20:49:12.528480 [state_change] node= task= meta=map[capability:lsp_search_symbols capability_id:tool:lsp_search_symbols exposure:callable kind:tool scope:builtin security_event:capability_exposure_resolved trust_class:builtin_trusted] msg=capability exposure resolved
workspace 2026/06/14 20:49:12.528488 [state_change] node= task= meta=map[capability:lsp_document_symbols capability_id:tool:lsp_document_symbols exposure:callable kind:tool scope:builtin security_event:capability_exposure_resolved trust_class:builtin_trusted] msg=capability exposure resolved
workspace 2026/06/14 20:49:12.528496 [state_change] node= task= meta=map[capability:cli_yq capability_id:tool:cli_yq exposure:callable kind:tool scope:builtin security_event:capability_exposure_resolved trust_class:builtin_trusted] msg=capability exposure resolved
workspace 2026/06/14 20:49:12.528505 [state_change] node= task= meta=map[capability:search_find_similar capability_id:tool:search_find_similar exposure:callable kind:tool scope:builtin security_event:capability_exposure_resolved trust_class:builtin-trusted] msg=capability exposure resolved
workspace 2026/06/14 20:49:12.528513 [state_change] node= task= meta=map[capability:cli_htop capability_id:tool:cli_htop exposure:callable kind:tool scope:builtin security_event:capability_exposure_resolved trust_class:builtin_trusted] msg=capability exposure resolved
workspace 2026/06/14 20:49:12.528529 [state_change] node= task= meta=map[capability:cli_ex capability_id:tool:cli_ex exposure:callable kind:tool scope:builtin security_event:capability_exposure_resolved trust_class:builtin_trusted] msg=capability exposure resolved
workspace 2026/06/14 20:49:12.528538 [state_change] node= task= meta=map[capability:cli_sed capability_id:tool:cli_sed exposure:callable kind:tool scope:builtin security_event:capability_exposure_resolved trust_class:builtin_trusted] msg=capability exposure resolved
workspace 2026/06/14 20:49:12.528546 [state_change] node= task= meta=map[capability:cli_ps capability_id:tool:cli_ps exposure:callable kind:tool scope:builtin security_event:capability_exposure_resolved trust_class:builtin_trusted] msg=capability exposure resolved
workspace 2026/06/14 20:49:12.528554 [state_change] node= task= meta=map[capability:pipe_fd_rg capability_id:tool:pipe_fd_rg exposure:callable kind:tool scope:builtin security_event:capability_exposure_resolved trust_class:builtin_trusted] msg=capability exposure resolved
workspace 2026/06/14 20:49:12.528564 [state_change] node= task= meta=map[capability:git_history capability_id:tool:git_history exposure:callable kind:tool scope:builtin security_event:capability_exposure_resolved trust_class:builtin_trusted] msg=capability exposure resolved
workspace 2026/06/14 20:49:12.528572 [state_change] node= task= meta=map[capability:go_test capability_id:tool:go_test exposure:callable kind:tool scope:builtin security_event:capability_exposure_resolved trust_class:builtin_trusted] msg=capability exposure resolved
workspace 2026/06/14 20:49:12.528580 [state_change] node= task= meta=map[capability:cli_hexdump capability_id:tool:cli_hexdump exposure:callable kind:tool scope:builtin security_event:capability_exposure_resolved trust_class:builtin_trusted] msg=capability exposure resolved
workspace 2026/06/14 20:49:12.528589 [state_change] node= task= meta=map[capability:lsp_format capability_id:tool:lsp_format exposure:callable kind:tool scope:builtin security_event:capability_exposure_resolved trust_class:builtin_trusted] msg=capability exposure resolved
workspace 2026/06/14 20:49:12.528597 [state_change] node= task= meta=map[capability:cli_df capability_id:tool:cli_df exposure:callable kind:tool scope:builtin security_event:capability_exposure_resolved trust_class:builtin_trusted] msg=capability exposure resolved
workspace 2026/06/14 20:49:12.528605 [state_change] node= task= meta=map[capability:cli_fd capability_id:tool:cli_fd exposure:callable kind:tool scope:builtin security_event:capability_exposure_resolved trust_class:builtin_trusted] msg=capability exposure resolved
workspace 2026/06/14 20:49:12.528613 [state_change] node= task= meta=map[capability:cli_wc capability_id:tool:cli_wc exposure:callable kind:tool scope:builtin security_event:capability_exposure_resolved trust_class:builtin_trusted] msg=capability exposure resolved
workspace 2026/06/14 20:49:12.528621 [state_change] node= task= meta=map[capability:cli_make capability_id:tool:cli_make exposure:callable kind:tool scope:builtin security_event:capability_exposure_resolved trust_class:builtin_trusted] msg=capability exposure resolved
workspace 2026/06/14 20:49:12.528629 [state_change] node= task= meta=map[capability:file_search capability_id:tool:file_search exposure:callable kind:tool scope:builtin security_event:capability_exposure_resolved trust_class:builtin_trusted] msg=capability exposure resolved
workspace 2026/06/14 20:49:12.528638 [state_change] node= task= meta=map[capability:cli_touch capability_id:tool:cli_touch exposure:callable kind:tool scope:builtin security_event:capability_exposure_resolved trust_class:builtin_trusted] msg=capability exposure resolved
workspace 2026/06/14 20:49:12.528646 [state_change] node= task= meta=map[capability:file_read capability_id:tool:file_read exposure:callable kind:tool scope:builtin security_event:capability_exposure_resolved trust_class:builtin_trusted] msg=capability exposure resolved
workspace 2026/06/14 20:49:12.528656 [state_change] node= task= meta=map[capability:cli_pkg_config capability_id:tool:cli_pkg_config exposure:callable kind:tool scope:builtin security_event:capability_exposure_resolved trust_class:builtin_trusted] msg=capability exposure resolved
workspace 2026/06/14 20:49:12.528665 [state_change] node= task= meta=map[capability:query_ast capability_id:tool:query_ast exposure:callable kind:tool scope:builtin security_event:capability_exposure_resolved trust_class:builtin-trusted] msg=capability exposure resolved
workspace 2026/06/14 20:49:12.528675 [state_change] node= task= meta=map[capability:cli_colordiff capability_id:tool:cli_colordiff exposure:callable kind:tool scope:builtin security_event:capability_exposure_resolved trust_class:builtin_trusted] msg=capability exposure resolved
workspace 2026/06/14 20:49:12.528683 [state_change] node= task= meta=map[capability:cli_gzip capability_id:tool:cli_gzip exposure:callable kind:tool scope:builtin security_event:capability_exposure_resolved trust_class:builtin_trusted] msg=capability exposure resolved
workspace 2026/06/14 20:49:12.528691 [state_change] node= task= meta=map[capability:cli_perf capability_id:tool:cli_perf exposure:callable kind:tool scope:builtin security_event:capability_exposure_resolved trust_class:builtin_trusted] msg=capability exposure resolved
workspace 2026/06/14 20:49:12.528699 [state_change] node= task= meta=map[capability:cli_ldd capability_id:tool:cli_ldd exposure:callable kind:tool scope:builtin security_event:capability_exposure_resolved trust_class:builtin_trusted] msg=capability exposure resolved
workspace 2026/06/14 20:49:12.528707 [state_change] node= task= meta=map[capability:lsp_get_hover capability_id:tool:lsp_get_hover exposure:callable kind:tool scope:builtin security_event:capability_exposure_resolved trust_class:builtin_trusted] msg=capability exposure resolved
workspace 2026/06/14 20:49:12.528715 [state_change] node= task= meta=map[capability:file_write capability_id:tool:file_write exposure:callable kind:tool scope:builtin security_event:capability_exposure_resolved trust_class:builtin_trusted] msg=capability exposure resolved
workspace 2026/06/14 20:49:12.528724 [state_change] node= task= meta=map[capability:search_grep capability_id:tool:search_grep exposure:callable kind:tool scope:builtin security_event:capability_exposure_resolved trust_class:builtin_trusted] msg=capability exposure resolved
workspace 2026/06/14 20:49:12.528732 [state_change] node= task= meta=map[capability:cli_ag capability_id:tool:cli_ag exposure:callable kind:tool scope:builtin security_event:capability_exposure_resolved trust_class:builtin_trusted] msg=capability exposure resolved
workspace 2026/06/14 20:49:12.528740 [state_change] node= task= meta=map[capability:cli_patch capability_id:tool:cli_patch exposure:callable kind:tool scope:builtin security_event:capability_exposure_resolved trust_class:builtin_trusted] msg=capability exposure resolved
workspace 2026/06/14 20:49:12.528748 [state_change] node= task= meta=map[capability:cli_node capability_id:tool:cli_node exposure:callable kind:tool scope:builtin security_event:capability_exposure_resolved trust_class:builtin_trusted] msg=capability exposure resolved
workspace 2026/06/14 20:49:12.528756 [state_change] node= task= meta=map[capability:cli_strace capability_id:tool:cli_strace exposure:callable kind:tool scope:builtin security_event:capability_exposure_resolved trust_class:builtin_trusted] msg=capability exposure resolved
workspace 2026/06/14 20:49:12.528765 [state_change] node= task= meta=map[capability:cli_objdump capability_id:tool:cli_objdump exposure:callable kind:tool scope:builtin security_event:capability_exposure_resolved trust_class:builtin_trusted] msg=capability exposure resolved
workspace 2026/06/14 20:49:12.528773 [state_change] node= task= meta=map[capability:cli_nslookup capability_id:tool:cli_nslookup exposure:callable kind:tool scope:builtin security_event:capability_exposure_resolved trust_class:builtin_trusted] msg=capability exposure resolved
workspace 2026/06/14 20:49:12.528785 [state_change] node= task= meta=map[capability:cli_time capability_id:tool:cli_time exposure:callable kind:tool scope:builtin security_event:capability_exposure_resolved trust_class:builtin_trusted] msg=capability exposure resolved
workspace 2026/06/14 20:49:12.528793 [state_change] node= task= meta=map[capability:cli_lsblk capability_id:tool:cli_lsblk exposure:callable kind:tool scope:builtin security_event:capability_exposure_resolved trust_class:builtin_trusted] msg=capability exposure resolved
workspace 2026/06/14 20:49:12.528801 [state_change] node= task= meta=map[capability:cli_mkdir capability_id:tool:cli_mkdir exposure:callable kind:tool scope:builtin security_event:capability_exposure_resolved trust_class:builtin_trusted] msg=capability exposure resolved
workspace 2026/06/14 20:49:12.528809 [state_change] node= task= meta=map[capability:cli_git capability_id:tool:cli_git exposure:callable kind:tool scope:builtin security_event:capability_exposure_resolved trust_class:builtin_trusted] msg=capability exposure resolved
workspace 2026/06/14 20:49:12.528817 [state_change] node= task= meta=map[capability:cli_locate capability_id:tool:cli_locate exposure:callable kind:tool scope:builtin security_event:capability_exposure_resolved trust_class:builtin_trusted] msg=capability exposure resolved
workspace 2026/06/14 20:49:12.531227 workspace: prompt registry loaded: 26 prompts
workspace 2026/06/14 20:49:12.531251 workspace: workspace opened successfully
workspace 2026/06/14 20:49:12.531258 warning: event log not available from workspace
workspace 2026/06/14 20:49:12.531261 [state_change] node= task= meta=map[provider:offline] msg=backend_selected
workspace 2026/06/14 20:49:12.531302 [state_change] node= task= meta=map[capability:lsp_get_references capability_id:tool:lsp_get_references exposure:callable kind:tool scope:builtin security_event:capability_exposure_resolved trust_class:builtin_trusted] msg=capability exposure resolved
workspace 2026/06/14 20:49:12.531313 [state_change] node= task= meta=map[capability:cli_nc capability_id:tool:cli_nc exposure:callable kind:tool scope:builtin security_event:capability_exposure_resolved trust_class:builtin_trusted] msg=capability exposure resolved
workspace 2026/06/14 20:49:12.531321 [state_change] node= task= meta=map[capability:cli_xz capability_id:tool:cli_xz exposure:callable kind:tool scope:builtin security_event:capability_exposure_resolved trust_class:builtin_trusted] msg=capability exposure resolved
workspace 2026/06/14 20:49:12.531329 [state_change] node= task= meta=map[capability:lsp_get_diagnostics capability_id:tool:lsp_get_diagnostics exposure:callable kind:tool scope:builtin security_event:capability_exposure_resolved trust_class:builtin_trusted] msg=capability exposure resolved
workspace 2026/06/14 20:49:12.531337 [state_change] node= task= meta=map[capability:git_diff capability_id:tool:git_diff exposure:callable kind:tool scope:builtin security_event:capability_exposure_resolved trust_class:builtin_trusted] msg=capability exposure resolved
workspace 2026/06/14 20:49:12.531345 [state_change] node= task= meta=map[capability:cli_echo capability_id:tool:cli_echo exposure:callable kind:tool scope:builtin security_event:capability_exposure_resolved trust_class:builtin_trusted] msg=capability exposure resolved
workspace 2026/06/14 20:49:12.531352 [state_change] node= task= meta=map[capability:cli_tr capability_id:tool:cli_tr exposure:callable kind:tool scope:builtin security_event:capability_exposure_resolved trust_class:builtin_trusted] msg=capability exposure resolved
workspace 2026/06/14 20:49:12.531360 [state_change] node= task= meta=map[capability:cli_tar capability_id:tool:cli_tar exposure:callable kind:tool scope:builtin security_event:capability_exposure_resolved trust_class:builtin_trusted] msg=capability exposure resolved
workspace 2026/06/14 20:49:12.531373 [state_change] node= task= meta=map[capability:git_branch capability_id:tool:git_branch exposure:callable kind:tool scope:builtin security_event:capability_exposure_resolved trust_class:builtin_trusted] msg=capability exposure resolved
workspace 2026/06/14 20:49:12.531388 [state_change] node= task= meta=map[capability:cli_perl capability_id:tool:cli_perl exposure:callable kind:tool scope:builtin security_event:capability_exposure_resolved trust_class:builtin_trusted] msg=capability exposure resolved
workspace 2026/06/14 20:49:12.531395 [state_change] node= task= meta=map[capability:git_commit capability_id:tool:git_commit exposure:callable kind:tool scope:builtin security_event:capability_exposure_resolved trust_class:builtin_trusted] msg=capability exposure resolved
workspace 2026/06/14 20:49:12.531403 [state_change] node= task= meta=map[capability:cli_awk capability_id:tool:cli_awk exposure:callable kind:tool scope:builtin security_event:capability_exposure_resolved trust_class:builtin_trusted] msg=capability exposure resolved
workspace 2026/06/14 20:49:12.531410 [state_change] node= task= meta=map[capability:cli_rg capability_id:tool:cli_rg exposure:callable kind:tool scope:builtin security_event:capability_exposure_resolved trust_class:builtin_trusted] msg=capability exposure resolved
workspace 2026/06/14 20:49:12.531421 [state_change] node= task= meta=map[capability:cli_xxd capability_id:tool:cli_xxd exposure:callable kind:tool scope:builtin security_event:capability_exposure_resolved trust_class:builtin_trusted] msg=capability exposure resolved
workspace 2026/06/14 20:49:12.531428 [state_change] node= task= meta=map[capability:cli_cut capability_id:tool:cli_cut exposure:callable kind:tool scope:builtin security_event:capability_exposure_resolved trust_class:builtin_trusted] msg=capability exposure resolved
workspace 2026/06/14 20:49:12.531436 [state_change] node= task= meta=map[capability:cli_stat capability_id:tool:cli_stat exposure:callable kind:tool scope:builtin security_event:capability_exposure_resolved trust_class:builtin_trusted] msg=capability exposure resolved
workspace 2026/06/14 20:49:12.531443 [state_change] node= task= meta=map[capability:cli_comm capability_id:tool:cli_comm exposure:callable kind:tool scope:builtin security_event:capability_exposure_resolved trust_class:builtin_trusted] msg=capability exposure resolved
workspace 2026/06/14 20:49:12.531451 [state_change] node= task= meta=map[capability:cli_gdb capability_id:tool:cli_gdb exposure:callable kind:tool scope:builtin security_event:capability_exposure_resolved trust_class:builtin_trusted] msg=capability exposure resolved
workspace 2026/06/14 20:49:12.531459 [state_change] node= task= meta=map[capability:file_create capability_id:tool:file_create exposure:callable kind:tool scope:builtin security_event:capability_exposure_resolved trust_class:builtin_trusted] msg=capability exposure resolved
workspace 2026/06/14 20:49:12.531466 [state_change] node= task= meta=map[capability:cli_wget capability_id:tool:cli_wget exposure:callable kind:tool scope:builtin security_event:capability_exposure_resolved trust_class:builtin_trusted] msg=capability exposure resolved
workspace 2026/06/14 20:49:12.531477 [state_change] node= task= meta=map[capability:cli_valgrind capability_id:tool:cli_valgrind exposure:callable kind:tool scope:builtin security_event:capability_exposure_resolved trust_class:builtin_trusted] msg=capability exposure resolved
workspace 2026/06/14 20:49:12.531487 [state_change] node= task= meta=map[capability:cli_rustfmt capability_id:tool:cli_rustfmt exposure:callable kind:tool scope:builtin security_event:capability_exposure_resolved trust_class:builtin_trusted] msg=capability exposure resolved
workspace 2026/06/14 20:49:12.531494 [state_change] node= task= meta=map[capability:cli_uptime capability_id:tool:cli_uptime exposure:callable kind:tool scope:builtin security_event:capability_exposure_resolved trust_class:builtin_trusted] msg=capability exposure resolved
workspace 2026/06/14 20:49:12.531502 [state_change] node= task= meta=map[capability:cli_diff capability_id:tool:cli_diff exposure:callable kind:tool scope:builtin security_event:capability_exposure_resolved trust_class:builtin_trusted] msg=capability exposure resolved
workspace 2026/06/14 20:49:12.531511 [state_change] node= task= meta=map[capability:file_delete capability_id:tool:file_delete exposure:callable kind:tool scope:builtin security_event:capability_exposure_resolved trust_class:builtin_trusted] msg=capability exposure resolved
workspace 2026/06/14 20:49:12.531519 [state_change] node= task= meta=map[capability:cli_file capability_id:tool:cli_file exposure:callable kind:tool scope:builtin security_event:capability_exposure_resolved trust_class:builtin_trusted] msg=capability exposure resolved
workspace 2026/06/14 20:49:12.531529 [state_change] node= task= meta=map[capability:cli_go capability_id:tool:cli_go exposure:callable kind:tool scope:builtin security_event:capability_exposure_resolved trust_class:builtin_trusted] msg=capability exposure resolved
workspace 2026/06/14 20:49:12.531537 [state_change] node= task= meta=map[capability:search_semantic capability_id:tool:search_semantic exposure:callable kind:tool scope:builtin security_event:capability_exposure_resolved trust_class:builtin-trusted] msg=capability exposure resolved
workspace 2026/06/14 20:49:12.531544 [state_change] node= task= meta=map[capability:cli_paste capability_id:tool:cli_paste exposure:callable kind:tool scope:builtin security_event:capability_exposure_resolved trust_class:builtin_trusted] msg=capability exposure resolved
workspace 2026/06/14 20:49:12.531551 [state_change] node= task= meta=map[capability:cli_ed capability_id:tool:cli_ed exposure:callable kind:tool scope:builtin security_event:capability_exposure_resolved trust_class:builtin_trusted] msg=capability exposure resolved
workspace 2026/06/14 20:49:12.531559 [state_change] node= task= meta=map[capability:cli_rev capability_id:tool:cli_rev exposure:callable kind:tool scope:builtin security_event:capability_exposure_resolved trust_class:builtin_trusted] msg=capability exposure resolved
workspace 2026/06/14 20:49:12.531572 [state_change] node= task= meta=map[capability:cli_ss capability_id:tool:cli_ss exposure:callable kind:tool scope:builtin security_event:capability_exposure_resolved trust_class:builtin_trusted] msg=capability exposure resolved
workspace 2026/06/14 20:49:12.531580 [state_change] node= task= meta=map[capability:file_list capability_id:tool:file_list exposure:callable kind:tool scope:builtin security_event:capability_exposure_resolved trust_class:builtin_trusted] msg=capability exposure resolved
workspace 2026/06/14 20:49:12.531587 [state_change] node= task= meta=map[capability:cli_systemctl capability_id:tool:cli_systemctl exposure:callable kind:tool scope:builtin security_event:capability_exposure_resolved trust_class:builtin_trusted] msg=capability exposure resolved
workspace 2026/06/14 20:49:12.531596 [state_change] node= task= meta=map[capability:lsp_search_symbols capability_id:tool:lsp_search_symbols exposure:callable kind:tool scope:builtin security_event:capability_exposure_resolved trust_class:builtin_trusted] msg=capability exposure resolved
workspace 2026/06/14 20:49:12.531604 [state_change] node= task= meta=map[capability:lsp_document_symbols capability_id:tool:lsp_document_symbols exposure:callable kind:tool scope:builtin security_event:capability_exposure_resolved trust_class:builtin_trusted] msg=capability exposure resolved
workspace 2026/06/14 20:49:12.531611 [state_change] node= task= meta=map[capability:cli_yq capability_id:tool:cli_yq exposure:callable kind:tool scope:builtin security_event:capability_exposure_resolved trust_class:builtin_trusted] msg=capability exposure resolved
workspace 2026/06/14 20:49:12.531618 [state_change] node= task= meta=map[capability:search_find_similar capability_id:tool:search_find_similar exposure:callable kind:tool scope:builtin security_event:capability_exposure_resolved trust_class:builtin-trusted] msg=capability exposure resolved
workspace 2026/06/14 20:49:12.531626 [state_change] node= task= meta=map[capability:cli_htop capability_id:tool:cli_htop exposure:callable kind:tool scope:builtin security_event:capability_exposure_resolved trust_class:builtin_trusted] msg=capability exposure resolved
workspace 2026/06/14 20:49:12.531635 [state_change] node= task= meta=map[capability:cli_ex capability_id:tool:cli_ex exposure:callable kind:tool scope:builtin security_event:capability_exposure_resolved trust_class:builtin_trusted] msg=capability exposure resolved
workspace 2026/06/14 20:49:12.531645 [state_change] node= task= meta=map[capability:cli_sed capability_id:tool:cli_sed exposure:callable kind:tool scope:builtin security_event:capability_exposure_resolved trust_class:builtin_trusted] msg=capability exposure resolved
workspace 2026/06/14 20:49:12.531653 [state_change] node= task= meta=map[capability:cli_ps capability_id:tool:cli_ps exposure:callable kind:tool scope:builtin security_event:capability_exposure_resolved trust_class:builtin_trusted] msg=capability exposure resolved
workspace 2026/06/14 20:49:12.531666 [state_change] node= task= meta=map[capability:pipe_fd_rg capability_id:tool:pipe_fd_rg exposure:callable kind:tool scope:builtin security_event:capability_exposure_resolved trust_class:builtin_trusted] msg=capability exposure resolved
workspace 2026/06/14 20:49:12.531673 [state_change] node= task= meta=map[capability:git_history capability_id:tool:git_history exposure:callable kind:tool scope:builtin security_event:capability_exposure_resolved trust_class:builtin_trusted] msg=capability exposure resolved
workspace 2026/06/14 20:49:12.531680 [state_change] node= task= meta=map[capability:go_test capability_id:tool:go_test exposure:callable kind:tool scope:builtin security_event:capability_exposure_resolved trust_class:builtin_trusted] msg=capability exposure resolved
workspace 2026/06/14 20:49:12.531688 [state_change] node= task= meta=map[capability:cli_hexdump capability_id:tool:cli_hexdump exposure:callable kind:tool scope:builtin security_event:capability_exposure_resolved trust_class:builtin_trusted] msg=capability exposure resolved
workspace 2026/06/14 20:49:12.531695 [state_change] node= task= meta=map[capability:lsp_format capability_id:tool:lsp_format exposure:callable kind:tool scope:builtin security_event:capability_exposure_resolved trust_class:builtin_trusted] msg=capability exposure resolved
workspace 2026/06/14 20:49:12.531704 [state_change] node= task= meta=map[capability:cli_df capability_id:tool:cli_df exposure:callable kind:tool scope:builtin security_event:capability_exposure_resolved trust_class:builtin_trusted] msg=capability exposure resolved
workspace 2026/06/14 20:49:12.531712 [state_change] node= task= meta=map[capability:cli_fd capability_id:tool:cli_fd exposure:callable kind:tool scope:builtin security_event:capability_exposure_resolved trust_class:builtin_trusted] msg=capability exposure resolved
workspace 2026/06/14 20:49:12.531719 [state_change] node= task= meta=map[capability:cli_wc capability_id:tool:cli_wc exposure:callable kind:tool scope:builtin security_event:capability_exposure_resolved trust_class:builtin_trusted] msg=capability exposure resolved
workspace 2026/06/14 20:49:12.531727 [state_change] node= task= meta=map[capability:cli_make capability_id:tool:cli_make exposure:callable kind:tool scope:builtin security_event:capability_exposure_resolved trust_class:builtin_trusted] msg=capability exposure resolved
workspace 2026/06/14 20:49:12.531734 [state_change] node= task= meta=map[capability:file_search capability_id:tool:file_search exposure:callable kind:tool scope:builtin security_event:capability_exposure_resolved trust_class:builtin_trusted] msg=capability exposure resolved
workspace 2026/06/14 20:49:12.531741 [state_change] node= task= meta=map[capability:cli_touch capability_id:tool:cli_touch exposure:callable kind:tool scope:builtin security_event:capability_exposure_resolved trust_class:builtin_trusted] msg=capability exposure resolved
workspace 2026/06/14 20:49:12.531755 [state_change] node= task= meta=map[capability:file_read capability_id:tool:file_read exposure:callable kind:tool scope:builtin security_event:capability_exposure_resolved trust_class:builtin_trusted] msg=capability exposure resolved
workspace 2026/06/14 20:49:12.531767 [state_change] node= task= meta=map[capability:cli_pkg_config capability_id:tool:cli_pkg_config exposure:callable kind:tool scope:builtin security_event:capability_exposure_resolved trust_class:builtin_trusted] msg=capability exposure resolved
workspace 2026/06/14 20:49:12.531775 [state_change] node= task= meta=map[capability:query_ast capability_id:tool:query_ast exposure:callable kind:tool scope:builtin security_event:capability_exposure_resolved trust_class:builtin-trusted] msg=capability exposure resolved
workspace 2026/06/14 20:49:12.531782 [state_change] node= task= meta=map[capability:cli_colordiff capability_id:tool:cli_colordiff exposure:callable kind:tool scope:builtin security_event:capability_exposure_resolved trust_class:builtin_trusted] msg=capability exposure resolved
workspace 2026/06/14 20:49:12.531789 [state_change] node= task= meta=map[capability:cli_gzip capability_id:tool:cli_gzip exposure:callable kind:tool scope:builtin security_event:capability_exposure_resolved trust_class:builtin_trusted] msg=capability exposure resolved
workspace 2026/06/14 20:49:12.531797 [state_change] node= task= meta=map[capability:cli_perf capability_id:tool:cli_perf exposure:callable kind:tool scope:builtin security_event:capability_exposure_resolved trust_class:builtin_trusted] msg=capability exposure resolved
workspace 2026/06/14 20:49:12.531804 [state_change] node= task= meta=map[capability:cli_ldd capability_id:tool:cli_ldd exposure:callable kind:tool scope:builtin security_event:capability_exposure_resolved trust_class:builtin_trusted] msg=capability exposure resolved
workspace 2026/06/14 20:49:12.531813 [state_change] node= task= meta=map[capability:lsp_get_hover capability_id:tool:lsp_get_hover exposure:callable kind:tool scope:builtin security_event:capability_exposure_resolved trust_class:builtin_trusted] msg=capability exposure resolved
workspace 2026/06/14 20:49:12.531821 [state_change] node= task= meta=map[capability:file_write capability_id:tool:file_write exposure:callable kind:tool scope:builtin security_event:capability_exposure_resolved trust_class:builtin_trusted] msg=capability exposure resolved
workspace 2026/06/14 20:49:12.531828 [state_change] node= task= meta=map[capability:search_grep capability_id:tool:search_grep exposure:callable kind:tool scope:builtin security_event:capability_exposure_resolved trust_class:builtin_trusted] msg=capability exposure resolved
workspace 2026/06/14 20:49:12.531835 [state_change] node= task= meta=map[capability:cli_ag capability_id:tool:cli_ag exposure:callable kind:tool scope:builtin security_event:capability_exposure_resolved trust_class:builtin_trusted] msg=capability exposure resolved
workspace 2026/06/14 20:49:12.531842 [state_change] node= task= meta=map[capability:cli_patch capability_id:tool:cli_patch exposure:callable kind:tool scope:builtin security_event:capability_exposure_resolved trust_class:builtin_trusted] msg=capability exposure resolved
workspace 2026/06/14 20:49:12.531853 [state_change] node= task= meta=map[capability:cli_node capability_id:tool:cli_node exposure:callable kind:tool scope:builtin security_event:capability_exposure_resolved trust_class:builtin_trusted] msg=capability exposure resolved
workspace 2026/06/14 20:49:12.531860 [state_change] node= task= meta=map[capability:cli_strace capability_id:tool:cli_strace exposure:callable kind:tool scope:builtin security_event:capability_exposure_resolved trust_class:builtin_trusted] msg=capability exposure resolved
workspace 2026/06/14 20:49:12.531871 [state_change] node= task= meta=map[capability:cli_objdump capability_id:tool:cli_objdump exposure:callable kind:tool scope:builtin security_event:capability_exposure_resolved trust_class:builtin_trusted] msg=capability exposure resolved
workspace 2026/06/14 20:49:12.531881 [state_change] node= task= meta=map[capability:cli_nslookup capability_id:tool:cli_nslookup exposure:callable kind:tool scope:builtin security_event:capability_exposure_resolved trust_class:builtin_trusted] msg=capability exposure resolved
workspace 2026/06/14 20:49:12.531891 [state_change] node= task= meta=map[capability:cli_time capability_id:tool:cli_time exposure:callable kind:tool scope:builtin security_event:capability_exposure_resolved trust_class:builtin_trusted] msg=capability exposure resolved
workspace 2026/06/14 20:49:12.531898 [state_change] node= task= meta=map[capability:cli_lsblk capability_id:tool:cli_lsblk exposure:callable kind:tool scope:builtin security_event:capability_exposure_resolved trust_class:builtin_trusted] msg=capability exposure resolved
workspace 2026/06/14 20:49:12.531906 [state_change] node= task= meta=map[capability:cli_mkdir capability_id:tool:cli_mkdir exposure:callable kind:tool scope:builtin security_event:capability_exposure_resolved trust_class:builtin_trusted] msg=capability exposure resolved
workspace 2026/06/14 20:49:12.531914 [state_change] node= task= meta=map[capability:cli_git capability_id:tool:cli_git exposure:callable kind:tool scope:builtin security_event:capability_exposure_resolved trust_class:builtin_trusted] msg=capability exposure resolved
workspace 2026/06/14 20:49:12.531922 [state_change] node= task= meta=map[capability:cli_locate capability_id:tool:cli_locate exposure:callable kind:tool scope:builtin security_event:capability_exposure_resolved trust_class:builtin_trusted] msg=capability exposure resolved
workspace 2026/06/14 20:49:12.531930 [state_change] node= task= meta=map[capability:git_blame capability_id:tool:git_blame exposure:callable kind:tool scope:builtin security_event:capability_exposure_resolved trust_class:builtin_trusted] msg=capability exposure resolved
workspace 2026/06/14 20:49:12.531941 [state_change] node= task= meta=map[capability:cli_bzip2 capability_id:tool:cli_bzip2 exposure:callable kind:tool scope:builtin security_event:capability_exposure_resolved trust_class:builtin_trusted] msg=capability exposure resolved
workspace 2026/06/14 20:49:12.531953 [state_change] node= task= meta=map[capability:cli_python capability_id:tool:cli_python exposure:callable kind:tool scope:builtin security_event:capability_exposure_resolved trust_class:builtin_trusted] msg=capability exposure resolved
workspace 2026/06/14 20:49:12.531961 [state_change] node= task= meta=map[capability:cli_ping capability_id:tool:cli_ping exposure:callable kind:tool scope:builtin security_event:capability_exposure_resolved trust_class:builtin_trusted] msg=capability exposure resolved
workspace 2026/06/14 20:49:12.531968 [state_change] node= task= meta=map[capability:cli_find capability_id:tool:cli_find exposure:callable kind:tool scope:builtin security_event:capability_exposure_resolved trust_class:builtin_trusted] msg=capability exposure resolved
workspace 2026/06/14 20:49:12.531981 [state_change] node= task= meta=map[capability:cli_ip capability_id:tool:cli_ip exposure:callable kind:tool scope:builtin security_event:capability_exposure_resolved trust_class:builtin_trusted] msg=capability exposure resolved
workspace 2026/06/14 20:49:12.531994 [state_change] node= task= meta=map[capability:cli_cmake capability_id:tool:cli_cmake exposure:callable kind:tool scope:builtin security_event:capability_exposure_resolved trust_class:builtin_trusted] msg=capability exposure resolved
workspace 2026/06/14 20:49:12.532001 [state_change] node= task= meta=map[capability:cli_crontab capability_id:tool:cli_crontab exposure:callable kind:tool scope:builtin security_event:capability_exposure_resolved trust_class:builtin_trusted] msg=capability exposure resolved
workspace 2026/06/14 20:49:12.532009 [state_change] node= task= meta=map[capability:cli_curl capability_id:tool:cli_curl exposure:callable kind:tool scope:builtin security_event:capability_exposure_resolved trust_class:builtin_trusted] msg=capability exposure resolved
workspace 2026/06/14 20:49:12.532016 [state_change] node= task= meta=map[capability:cli_du capability_id:tool:cli_du exposure:callable kind:tool scope:builtin security_event:capability_exposure_resolved trust_class:builtin_trusted] msg=capability exposure resolved
workspace 2026/06/14 20:49:12.532026 [state_change] node= task= meta=map[capability:cli_dig capability_id:tool:cli_dig exposure:callable kind:tool scope:builtin security_event:capability_exposure_resolved trust_class:builtin_trusted] msg=capability exposure resolved
workspace 2026/06/14 20:49:12.532033 [state_change] node= task= meta=map[capability:cli_jq capability_id:tool:cli_jq exposure:callable kind:tool scope:builtin security_event:capability_exposure_resolved trust_class:builtin_trusted] msg=capability exposure resolved
workspace 2026/06/14 20:49:12.532042 [state_change] node= task= meta=map[capability:cli_npm capability_id:tool:cli_npm exposure:callable kind:tool scope:builtin security_event:capability_exposure_resolved trust_class:builtin_trusted] msg=capability exposure resolved
workspace 2026/06/14 20:49:12.532052 [state_change] node= task= meta=map[capability:cli_column capability_id:tool:cli_column exposure:callable kind:tool scope:builtin security_event:capability_exposure_resolved trust_class:builtin_trusted] msg=capability exposure resolved
workspace 2026/06/14 20:49:12.532060 [state_change] node= task= meta=map[capability:cli_tree capability_id:tool:cli_tree exposure:callable kind:tool scope:builtin security_event:capability_exposure_resolved trust_class:builtin_trusted] msg=capability exposure resolved
workspace 2026/06/14 20:49:12.532067 [state_change] node= task= meta=map[capability:lsp_get_definition capability_id:tool:lsp_get_definition exposure:callable kind:tool scope:builtin security_event:capability_exposure_resolved trust_class:builtin_trusted] msg=capability exposure resolved
workspace 2026/06/14 20:49:12.532075 [state_change] node= task= meta=map[capability:bash capability_id:tool:bash exposure:callable kind:tool scope:builtin security_event:capability_exposure_resolved trust_class:builtin_trusted] msg=capability exposure resolved
workspace 2026/06/14 20:49:12.532082 [state_change] node= task= meta=map[capability:cli_at capability_id:tool:cli_at exposure:callable kind:tool scope:builtin security_event:capability_exposure_resolved trust_class:builtin_trusted] msg=capability exposure resolved
workspace 2026/06/14 20:49:12.532089 [state_change] node= task= meta=map[capability:cli_uniq capability_id:tool:cli_uniq exposure:callable kind:tool scope:builtin security_event:capability_exposure_resolved trust_class:builtin_trusted] msg=capability exposure resolved
workspace 2026/06/14 20:49:12.532096 [state_change] node= task= meta=map[capability:cli_top capability_id:tool:cli_top exposure:callable kind:tool scope:builtin security_event:capability_exposure_resolved trust_class:builtin_trusted] msg=capability exposure resolved
workspace 2026/06/14 20:49:12.532109 [state_change] node= task= meta=map[capability:cli_sort capability_id:tool:cli_sort exposure:callable kind:tool scope:builtin security_event:capability_exposure_resolved trust_class:builtin_trusted] msg=capability exposure resolved
workspace 2026/06/14 20:49:12.532117 [state_change] node= task= meta=map[capability:cli_cargo capability_id:tool:cli_cargo exposure:callable kind:tool scope:builtin security_event:capability_exposure_resolved trust_class:builtin_trusted] msg=capability exposure resolved
workspace 2026/06/14 20:49:12.532124 [state_change] node= task= meta=map[capability:cli_lsof capability_id:tool:cli_lsof exposure:callable kind:tool scope:builtin security_event:capability_exposure_resolved trust_class:builtin_trusted] msg=capability exposure resolved
2026/06/14 20:49:12 relurpish panic recovered: runtime error: invalid memory address or nil pointer dereference
workspace 2026/06/14 20:49:54.406055 [state_change] node= task= meta=map[capability:lsp_get_diagnostics capability_id:tool:lsp_get_diagnostics exposure:callable kind:tool scope:builtin security_event:capability_exposure_resolved trust_class:builtin_trusted] msg=capability exposure resolved
workspace 2026/06/14 20:49:54.406113 [state_change] node= task= meta=map[capability:search_find_similar capability_id:tool:search_find_similar exposure:callable kind:tool scope:builtin security_event:capability_exposure_resolved trust_class:builtin-trusted] msg=capability exposure resolved
workspace 2026/06/14 20:49:54.406133 [state_change] node= task= meta=map[capability:cli_bzip2 capability_id:tool:cli_bzip2 exposure:callable kind:tool scope:builtin security_event:capability_exposure_resolved trust_class:builtin_trusted] msg=capability exposure resolved
workspace 2026/06/14 20:49:54.406143 [state_change] node= task= meta=map[capability:cli_htop capability_id:tool:cli_htop exposure:callable kind:tool scope:builtin security_event:capability_exposure_resolved trust_class:builtin_trusted] msg=capability exposure resolved
workspace 2026/06/14 20:49:54.406152 [state_change] node= task= meta=map[capability:cli_ping capability_id:tool:cli_ping exposure:callable kind:tool scope:builtin security_event:capability_exposure_resolved trust_class:builtin_trusted] msg=capability exposure resolved
workspace 2026/06/14 20:49:54.406161 [state_change] node= task= meta=map[capability:cli_make capability_id:tool:cli_make exposure:callable kind:tool scope:builtin security_event:capability_exposure_resolved trust_class:builtin_trusted] msg=capability exposure resolved
workspace 2026/06/14 20:49:54.406170 [state_change] node= task= meta=map[capability:cli_curl capability_id:tool:cli_curl exposure:callable kind:tool scope:builtin security_event:capability_exposure_resolved trust_class:builtin_trusted] msg=capability exposure resolved
workspace 2026/06/14 20:49:54.406179 [state_change] node= task= meta=map[capability:cli_rustfmt capability_id:tool:cli_rustfmt exposure:callable kind:tool scope:builtin security_event:capability_exposure_resolved trust_class:builtin_trusted] msg=capability exposure resolved
workspace 2026/06/14 20:49:54.406187 [state_change] node= task= meta=map[capability:cli_file capability_id:tool:cli_file exposure:callable kind:tool scope:builtin security_event:capability_exposure_resolved trust_class:builtin_trusted] msg=capability exposure resolved
workspace 2026/06/14 20:49:54.406195 [state_change] node= task= meta=map[capability:go_test capability_id:tool:go_test exposure:callable kind:tool scope:builtin security_event:capability_exposure_resolved trust_class:builtin_trusted] msg=capability exposure resolved
workspace 2026/06/14 20:49:54.406203 [state_change] node= task= meta=map[capability:cli_xz capability_id:tool:cli_xz exposure:callable kind:tool scope:builtin security_event:capability_exposure_resolved trust_class:builtin_trusted] msg=capability exposure resolved
workspace 2026/06/14 20:49:54.406212 [state_change] node= task= meta=map[capability:file_create capability_id:tool:file_create exposure:callable kind:tool scope:builtin security_event:capability_exposure_resolved trust_class:builtin_trusted] msg=capability exposure resolved
workspace 2026/06/14 20:49:54.406220 [state_change] node= task= meta=map[capability:cli_stat capability_id:tool:cli_stat exposure:callable kind:tool scope:builtin security_event:capability_exposure_resolved trust_class:builtin_trusted] msg=capability exposure resolved
workspace 2026/06/14 20:49:54.406228 [state_change] node= task= meta=map[capability:cli_gzip capability_id:tool:cli_gzip exposure:callable kind:tool scope:builtin security_event:capability_exposure_resolved trust_class:builtin_trusted] msg=capability exposure resolved
workspace 2026/06/14 20:49:54.406236 [state_change] node= task= meta=map[capability:cli_perl capability_id:tool:cli_perl exposure:callable kind:tool scope:builtin security_event:capability_exposure_resolved trust_class:builtin_trusted] msg=capability exposure resolved
workspace 2026/06/14 20:49:54.406247 [state_change] node= task= meta=map[capability:cli_node capability_id:tool:cli_node exposure:callable kind:tool scope:builtin security_event:capability_exposure_resolved trust_class:builtin_trusted] msg=capability exposure resolved
workspace 2026/06/14 20:49:54.406255 [state_change] node= task= meta=map[capability:lsp_get_definition capability_id:tool:lsp_get_definition exposure:callable kind:tool scope:builtin security_event:capability_exposure_resolved trust_class:builtin_trusted] msg=capability exposure resolved
workspace 2026/06/14 20:49:54.406266 [state_change] node= task= meta=map[capability:query_ast capability_id:tool:query_ast exposure:callable kind:tool scope:builtin security_event:capability_exposure_resolved trust_class:builtin-trusted] msg=capability exposure resolved
workspace 2026/06/14 20:49:54.406274 [state_change] node= task= meta=map[capability:cli_du capability_id:tool:cli_du exposure:callable kind:tool scope:builtin security_event:capability_exposure_resolved trust_class:builtin_trusted] msg=capability exposure resolved
workspace 2026/06/14 20:49:54.406282 [state_change] node= task= meta=map[capability:cli_sed capability_id:tool:cli_sed exposure:callable kind:tool scope:builtin security_event:capability_exposure_resolved trust_class:builtin_trusted] msg=capability exposure resolved
workspace 2026/06/14 20:49:54.406290 [state_change] node= task= meta=map[capability:cli_colordiff capability_id:tool:cli_colordiff exposure:callable kind:tool scope:builtin security_event:capability_exposure_resolved trust_class:builtin_trusted] msg=capability exposure resolved
workspace 2026/06/14 20:49:54.406299 [state_change] node= task= meta=map[capability:cli_xxd capability_id:tool:cli_xxd exposure:callable kind:tool scope:builtin security_event:capability_exposure_resolved trust_class:builtin_trusted] msg=capability exposure resolved
workspace 2026/06/14 20:49:54.406307 [state_change] node= task= meta=map[capability:cli_pkg_config capability_id:tool:cli_pkg_config exposure:callable kind:tool scope:builtin security_event:capability_exposure_resolved trust_class:builtin_trusted] msg=capability exposure resolved
workspace 2026/06/14 20:49:54.406315 [state_change] node= task= meta=map[capability:cli_ex capability_id:tool:cli_ex exposure:callable kind:tool scope:builtin security_event:capability_exposure_resolved trust_class:builtin_trusted] msg=capability exposure resolved
workspace 2026/06/14 20:49:54.406323 [state_change] node= task= meta=map[capability:pipe_fd_rg capability_id:tool:pipe_fd_rg exposure:callable kind:tool scope:builtin security_event:capability_exposure_resolved trust_class:builtin_trusted] msg=capability exposure resolved
workspace 2026/06/14 20:49:54.406330 [state_change] node= task= meta=map[capability:cli_echo capability_id:tool:cli_echo exposure:callable kind:tool scope:builtin security_event:capability_exposure_resolved trust_class:builtin_trusted] msg=capability exposure resolved
workspace 2026/06/14 20:49:54.406338 [state_change] node= task= meta=map[capability:git_diff capability_id:tool:git_diff exposure:callable kind:tool scope:builtin security_event:capability_exposure_resolved trust_class:builtin_trusted] msg=capability exposure resolved
workspace 2026/06/14 20:49:54.406347 [state_change] node= task= meta=map[capability:cli_objdump capability_id:tool:cli_objdump exposure:callable kind:tool scope:builtin security_event:capability_exposure_resolved trust_class:builtin_trusted] msg=capability exposure resolved
workspace 2026/06/14 20:49:54.406357 [state_change] node= task= meta=map[capability:lsp_search_symbols capability_id:tool:lsp_search_symbols exposure:callable kind:tool scope:builtin security_event:capability_exposure_resolved trust_class:builtin_trusted] msg=capability exposure resolved
workspace 2026/06/14 20:49:54.406365 [state_change] node= task= meta=map[capability:search_grep capability_id:tool:search_grep exposure:callable kind:tool scope:builtin security_event:capability_exposure_resolved trust_class:builtin_trusted] msg=capability exposure resolved
workspace 2026/06/14 20:49:54.406373 [state_change] node= task= meta=map[capability:cli_nslookup capability_id:tool:cli_nslookup exposure:callable kind:tool scope:builtin security_event:capability_exposure_resolved trust_class:builtin_trusted] msg=capability exposure resolved
workspace 2026/06/14 20:49:54.406381 [state_change] node= task= meta=map[capability:file_delete capability_id:tool:file_delete exposure:callable kind:tool scope:builtin security_event:capability_exposure_resolved trust_class:builtin_trusted] msg=capability exposure resolved
workspace 2026/06/14 20:49:54.406391 [state_change] node= task= meta=map[capability:cli_ss capability_id:tool:cli_ss exposure:callable kind:tool scope:builtin security_event:capability_exposure_resolved trust_class:builtin_trusted] msg=capability exposure resolved
workspace 2026/06/14 20:49:54.406399 [state_change] node= task= meta=map[capability:cli_fd capability_id:tool:cli_fd exposure:callable kind:tool scope:builtin security_event:capability_exposure_resolved trust_class:builtin_trusted] msg=capability exposure resolved
workspace 2026/06/14 20:49:54.406407 [state_change] node= task= meta=map[capability:file_list capability_id:tool:file_list exposure:callable kind:tool scope:builtin security_event:capability_exposure_resolved trust_class:builtin_trusted] msg=capability exposure resolved
workspace 2026/06/14 20:49:54.406415 [state_change] node= task= meta=map[capability:cli_gdb capability_id:tool:cli_gdb exposure:callable kind:tool scope:builtin security_event:capability_exposure_resolved trust_class:builtin_trusted] msg=capability exposure resolved
workspace 2026/06/14 20:49:54.406423 [state_change] node= task= meta=map[capability:cli_ed capability_id:tool:cli_ed exposure:callable kind:tool scope:builtin security_event:capability_exposure_resolved trust_class:builtin_trusted] msg=capability exposure resolved
workspace 2026/06/14 20:49:54.406432 [state_change] node= task= meta=map[capability:cli_npm capability_id:tool:cli_npm exposure:callable kind:tool scope:builtin security_event:capability_exposure_resolved trust_class:builtin_trusted] msg=capability exposure resolved
workspace 2026/06/14 20:49:54.406439 [state_change] node= task= meta=map[capability:cli_cmake capability_id:tool:cli_cmake exposure:callable kind:tool scope:builtin security_event:capability_exposure_resolved trust_class:builtin_trusted] msg=capability exposure resolved
workspace 2026/06/14 20:49:54.406448 [state_change] node= task= meta=map[capability:cli_perf capability_id:tool:cli_perf exposure:callable kind:tool scope:builtin security_event:capability_exposure_resolved trust_class:builtin_trusted] msg=capability exposure resolved
workspace 2026/06/14 20:49:54.406455 [state_change] node= task= meta=map[capability:cli_awk capability_id:tool:cli_awk exposure:callable kind:tool scope:builtin security_event:capability_exposure_resolved trust_class:builtin_trusted] msg=capability exposure resolved
workspace 2026/06/14 20:49:54.406466 [state_change] node= task= meta=map[capability:git_branch capability_id:tool:git_branch exposure:callable kind:tool scope:builtin security_event:capability_exposure_resolved trust_class:builtin_trusted] msg=capability exposure resolved
workspace 2026/06/14 20:49:54.406475 [state_change] node= task= meta=map[capability:cli_tr capability_id:tool:cli_tr exposure:callable kind:tool scope:builtin security_event:capability_exposure_resolved trust_class:builtin_trusted] msg=capability exposure resolved
workspace 2026/06/14 20:49:54.406483 [state_change] node= task= meta=map[capability:cli_sort capability_id:tool:cli_sort exposure:callable kind:tool scope:builtin security_event:capability_exposure_resolved trust_class:builtin_trusted] msg=capability exposure resolved
workspace 2026/06/14 20:49:54.406491 [state_change] node= task= meta=map[capability:cli_wget capability_id:tool:cli_wget exposure:callable kind:tool scope:builtin security_event:capability_exposure_resolved trust_class:builtin_trusted] msg=capability exposure resolved
workspace 2026/06/14 20:49:54.406499 [state_change] node= task= meta=map[capability:cli_at capability_id:tool:cli_at exposure:callable kind:tool scope:builtin security_event:capability_exposure_resolved trust_class:builtin_trusted] msg=capability exposure resolved
workspace 2026/06/14 20:49:54.406507 [state_change] node= task= meta=map[capability:file_read capability_id:tool:file_read exposure:callable kind:tool scope:builtin security_event:capability_exposure_resolved trust_class:builtin_trusted] msg=capability exposure resolved
workspace 2026/06/14 20:49:54.406517 [state_change] node= task= meta=map[capability:cli_hexdump capability_id:tool:cli_hexdump exposure:callable kind:tool scope:builtin security_event:capability_exposure_resolved trust_class:builtin_trusted] msg=capability exposure resolved
workspace 2026/06/14 20:49:54.406525 [state_change] node= task= meta=map[capability:cli_top capability_id:tool:cli_top exposure:callable kind:tool scope:builtin security_event:capability_exposure_resolved trust_class:builtin_trusted] msg=capability exposure resolved
workspace 2026/06/14 20:49:54.406534 [state_change] node= task= meta=map[capability:cli_mkdir capability_id:tool:cli_mkdir exposure:callable kind:tool scope:builtin security_event:capability_exposure_resolved trust_class:builtin_trusted] msg=capability exposure resolved
workspace 2026/06/14 20:49:54.406542 [state_change] node= task= meta=map[capability:cli_valgrind capability_id:tool:cli_valgrind exposure:callable kind:tool scope:builtin security_event:capability_exposure_resolved trust_class:builtin_trusted] msg=capability exposure resolved
workspace 2026/06/14 20:49:54.406550 [state_change] node= task= meta=map[capability:cli_git capability_id:tool:cli_git exposure:callable kind:tool scope:builtin security_event:capability_exposure_resolved trust_class:builtin_trusted] msg=capability exposure resolved
workspace 2026/06/14 20:49:54.406558 [state_change] node= task= meta=map[capability:cli_ip capability_id:tool:cli_ip exposure:callable kind:tool scope:builtin security_event:capability_exposure_resolved trust_class:builtin_trusted] msg=capability exposure resolved
workspace 2026/06/14 20:49:54.406566 [state_change] node= task= meta=map[capability:cli_diff capability_id:tool:cli_diff exposure:callable kind:tool scope:builtin security_event:capability_exposure_resolved trust_class:builtin_trusted] msg=capability exposure resolved
workspace 2026/06/14 20:49:54.406580 [state_change] node= task= meta=map[capability:cli_python capability_id:tool:cli_python exposure:callable kind:tool scope:builtin security_event:capability_exposure_resolved trust_class:builtin_trusted] msg=capability exposure resolved
workspace 2026/06/14 20:49:54.406588 [state_change] node= task= meta=map[capability:cli_uniq capability_id:tool:cli_uniq exposure:callable kind:tool scope:builtin security_event:capability_exposure_resolved trust_class:builtin_trusted] msg=capability exposure resolved
workspace 2026/06/14 20:49:54.406596 [state_change] node= task= meta=map[capability:cli_ldd capability_id:tool:cli_ldd exposure:callable kind:tool scope:builtin security_event:capability_exposure_resolved trust_class:builtin_trusted] msg=capability exposure resolved
workspace 2026/06/14 20:49:54.406604 [state_change] node= task= meta=map[capability:cli_lsblk capability_id:tool:cli_lsblk exposure:callable kind:tool scope:builtin security_event:capability_exposure_resolved trust_class:builtin_trusted] msg=capability exposure resolved
workspace 2026/06/14 20:49:54.406612 [state_change] node= task= meta=map[capability:git_history capability_id:tool:git_history exposure:callable kind:tool scope:builtin security_event:capability_exposure_resolved trust_class:builtin_trusted] msg=capability exposure resolved
workspace 2026/06/14 20:49:54.406620 [state_change] node= task= meta=map[capability:cli_crontab capability_id:tool:cli_crontab exposure:callable kind:tool scope:builtin security_event:capability_exposure_resolved trust_class:builtin_trusted] msg=capability exposure resolved
workspace 2026/06/14 20:49:54.406628 [state_change] node= task= meta=map[capability:cli_systemctl capability_id:tool:cli_systemctl exposure:callable kind:tool scope:builtin security_event:capability_exposure_resolved trust_class:builtin_trusted] msg=capability exposure resolved
workspace 2026/06/14 20:49:54.406636 [state_change] node= task= meta=map[capability:cli_ag capability_id:tool:cli_ag exposure:callable kind:tool scope:builtin security_event:capability_exposure_resolved trust_class:builtin_trusted] msg=capability exposure resolved
workspace 2026/06/14 20:49:54.406646 [state_change] node= task= meta=map[capability:lsp_get_hover capability_id:tool:lsp_get_hover exposure:callable kind:tool scope:builtin security_event:capability_exposure_resolved trust_class:builtin_trusted] msg=capability exposure resolved
workspace 2026/06/14 20:49:54.406655 [state_change] node= task= meta=map[capability:cli_time capability_id:tool:cli_time exposure:callable kind:tool scope:builtin security_event:capability_exposure_resolved trust_class:builtin_trusted] msg=capability exposure resolved
workspace 2026/06/14 20:49:54.406663 [state_change] node= task= meta=map[capability:cli_comm capability_id:tool:cli_comm exposure:callable kind:tool scope:builtin security_event:capability_exposure_resolved trust_class:builtin_trusted] msg=capability exposure resolved
workspace 2026/06/14 20:49:54.406670 [state_change] node= task= meta=map[capability:cli_df capability_id:tool:cli_df exposure:callable kind:tool scope:builtin security_event:capability_exposure_resolved trust_class:builtin_trusted] msg=capability exposure resolved
workspace 2026/06/14 20:49:54.406679 [state_change] node= task= meta=map[capability:cli_strace capability_id:tool:cli_strace exposure:callable kind:tool scope:builtin security_event:capability_exposure_resolved trust_class:builtin_trusted] msg=capability exposure resolved
workspace 2026/06/14 20:49:54.406689 [state_change] node= task= meta=map[capability:cli_rg capability_id:tool:cli_rg exposure:callable kind:tool scope:builtin security_event:capability_exposure_resolved trust_class:builtin_trusted] msg=capability exposure resolved
workspace 2026/06/14 20:49:54.406697 [state_change] node= task= meta=map[capability:lsp_document_symbols capability_id:tool:lsp_document_symbols exposure:callable kind:tool scope:builtin security_event:capability_exposure_resolved trust_class:builtin_trusted] msg=capability exposure resolved
workspace 2026/06/14 20:49:54.406705 [state_change] node= task= meta=map[capability:cli_wc capability_id:tool:cli_wc exposure:callable kind:tool scope:builtin security_event:capability_exposure_resolved trust_class:builtin_trusted] msg=capability exposure resolved
workspace 2026/06/14 20:49:54.406713 [state_change] node= task= meta=map[capability:cli_rev capability_id:tool:cli_rev exposure:callable kind:tool scope:builtin security_event:capability_exposure_resolved trust_class:builtin_trusted] msg=capability exposure resolved
workspace 2026/06/14 20:49:54.406721 [state_change] node= task= meta=map[capability:file_search capability_id:tool:file_search exposure:callable kind:tool scope:builtin security_event:capability_exposure_resolved trust_class:builtin_trusted] msg=capability exposure resolved
workspace 2026/06/14 20:49:54.406729 [state_change] node= task= meta=map[capability:file_write capability_id:tool:file_write exposure:callable kind:tool scope:builtin security_event:capability_exposure_resolved trust_class:builtin_trusted] msg=capability exposure resolved
workspace 2026/06/14 20:49:54.406736 [state_change] node= task= meta=map[capability:cli_go capability_id:tool:cli_go exposure:callable kind:tool scope:builtin security_event:capability_exposure_resolved trust_class:builtin_trusted] msg=capability exposure resolved
workspace 2026/06/14 20:49:54.406745 [state_change] node= task= meta=map[capability:git_commit capability_id:tool:git_commit exposure:callable kind:tool scope:builtin security_event:capability_exposure_resolved trust_class:builtin_trusted] msg=capability exposure resolved
workspace 2026/06/14 20:49:54.406753 [state_change] node= task= meta=map[capability:cli_patch capability_id:tool:cli_patch exposure:callable kind:tool scope:builtin security_event:capability_exposure_resolved trust_class:builtin_trusted] msg=capability exposure resolved
workspace 2026/06/14 20:49:54.406761 [state_change] node= task= meta=map[capability:bash capability_id:tool:bash exposure:callable kind:tool scope:builtin security_event:capability_exposure_resolved trust_class:builtin_trusted] msg=capability exposure resolved
workspace 2026/06/14 20:49:54.406770 [state_change] node= task= meta=map[capability:cli_lsof capability_id:tool:cli_lsof exposure:callable kind:tool scope:builtin security_event:capability_exposure_resolved trust_class:builtin_trusted] msg=capability exposure resolved
workspace 2026/06/14 20:49:54.406778 [state_change] node= task= meta=map[capability:lsp_get_references capability_id:tool:lsp_get_references exposure:callable kind:tool scope:builtin security_event:capability_exposure_resolved trust_class:builtin_trusted] msg=capability exposure resolved
workspace 2026/06/14 20:49:54.406786 [state_change] node= task= meta=map[capability:lsp_format capability_id:tool:lsp_format exposure:callable kind:tool scope:builtin security_event:capability_exposure_resolved trust_class:builtin_trusted] msg=capability exposure resolved
workspace 2026/06/14 20:49:54.406797 [state_change] node= task= meta=map[capability:cli_uptime capability_id:tool:cli_uptime exposure:callable kind:tool scope:builtin security_event:capability_exposure_resolved trust_class:builtin_trusted] msg=capability exposure resolved
workspace 2026/06/14 20:49:54.406805 [state_change] node= task= meta=map[capability:cli_cargo capability_id:tool:cli_cargo exposure:callable kind:tool scope:builtin security_event:capability_exposure_resolved trust_class:builtin_trusted] msg=capability exposure resolved
workspace 2026/06/14 20:49:54.406813 [state_change] node= task= meta=map[capability:cli_tree capability_id:tool:cli_tree exposure:callable kind:tool scope:builtin security_event:capability_exposure_resolved trust_class:builtin_trusted] msg=capability exposure resolved
workspace 2026/06/14 20:49:54.406821 [state_change] node= task= meta=map[capability:cli_dig capability_id:tool:cli_dig exposure:callable kind:tool scope:builtin security_event:capability_exposure_resolved trust_class:builtin_trusted] msg=capability exposure resolved
workspace 2026/06/14 20:49:54.406829 [state_change] node= task= meta=map[capability:cli_column capability_id:tool:cli_column exposure:callable kind:tool scope:builtin security_event:capability_exposure_resolved trust_class:builtin_trusted] msg=capability exposure resolved
workspace 2026/06/14 20:49:54.406837 [state_change] node= task= meta=map[capability:git_blame capability_id:tool:git_blame exposure:callable kind:tool scope:builtin security_event:capability_exposure_resolved trust_class:builtin_trusted] msg=capability exposure resolved
workspace 2026/06/14 20:49:54.406845 [state_change] node= task= meta=map[capability:search_semantic capability_id:tool:search_semantic exposure:callable kind:tool scope:builtin security_event:capability_exposure_resolved trust_class:builtin-trusted] msg=capability exposure resolved
workspace 2026/06/14 20:49:54.406854 [state_change] node= task= meta=map[capability:cli_ps capability_id:tool:cli_ps exposure:callable kind:tool scope:builtin security_event:capability_exposure_resolved trust_class:builtin_trusted] msg=capability exposure resolved
workspace 2026/06/14 20:49:54.406862 [state_change] node= task= meta=map[capability:cli_locate capability_id:tool:cli_locate exposure:callable kind:tool scope:builtin security_event:capability_exposure_resolved trust_class:builtin_trusted] msg=capability exposure resolved
workspace 2026/06/14 20:49:54.406870 [state_change] node= task= meta=map[capability:cli_touch capability_id:tool:cli_touch exposure:callable kind:tool scope:builtin security_event:capability_exposure_resolved trust_class:builtin_trusted] msg=capability exposure resolved
workspace 2026/06/14 20:49:54.406878 [state_change] node= task= meta=map[capability:cli_nc capability_id:tool:cli_nc exposure:callable kind:tool scope:builtin security_event:capability_exposure_resolved trust_class:builtin_trusted] msg=capability exposure resolved
workspace 2026/06/14 20:49:54.406886 [state_change] node= task= meta=map[capability:cli_tar capability_id:tool:cli_tar exposure:callable kind:tool scope:builtin security_event:capability_exposure_resolved trust_class:builtin_trusted] msg=capability exposure resolved
workspace 2026/06/14 20:49:54.406896 [state_change] node= task= meta=map[capability:cli_cut capability_id:tool:cli_cut exposure:callable kind:tool scope:builtin security_event:capability_exposure_resolved trust_class:builtin_trusted] msg=capability exposure resolved
workspace 2026/06/14 20:49:54.406906 [state_change] node= task= meta=map[capability:cli_paste capability_id:tool:cli_paste exposure:callable kind:tool scope:builtin security_event:capability_exposure_resolved trust_class:builtin_trusted] msg=capability exposure resolved
workspace 2026/06/14 20:49:54.406914 [state_change] node= task= meta=map[capability:cli_yq capability_id:tool:cli_yq exposure:callable kind:tool scope:builtin security_event:capability_exposure_resolved trust_class:builtin_trusted] msg=capability exposure resolved
workspace 2026/06/14 20:49:54.406922 [state_change] node= task= meta=map[capability:cli_find capability_id:tool:cli_find exposure:callable kind:tool scope:builtin security_event:capability_exposure_resolved trust_class:builtin_trusted] msg=capability exposure resolved
workspace 2026/06/14 20:49:54.406930 [state_change] node= task= meta=map[capability:cli_jq capability_id:tool:cli_jq exposure:callable kind:tool scope:builtin security_event:capability_exposure_resolved trust_class:builtin_trusted] msg=capability exposure resolved
workspace 2026/06/14 20:49:54.409297 workspace: prompt registry loaded: 26 prompts
workspace 2026/06/14 20:49:54.409329 workspace: workspace opened successfully
workspace 2026/06/14 20:49:54.409339 warning: event log not available from workspace
workspace 2026/06/14 20:49:54.409343 [state_change] node= task= meta=map[provider:offline] msg=backend_selected
workspace 2026/06/14 20:49:54.409392 [state_change] node= task= meta=map[capability:cli_stat capability_id:tool:cli_stat exposure:callable kind:tool scope:builtin security_event:capability_exposure_resolved trust_class:builtin_trusted] msg=capability exposure resolved
workspace 2026/06/14 20:49:54.409409 [state_change] node= task= meta=map[capability:cli_gzip capability_id:tool:cli_gzip exposure:callable kind:tool scope:builtin security_event:capability_exposure_resolved trust_class:builtin_trusted] msg=capability exposure resolved
workspace 2026/06/14 20:49:54.409424 [state_change] node= task= meta=map[capability:cli_perl capability_id:tool:cli_perl exposure:callable kind:tool scope:builtin security_event:capability_exposure_resolved trust_class:builtin_trusted] msg=capability exposure resolved
workspace 2026/06/14 20:49:54.409437 [state_change] node= task= meta=map[capability:cli_node capability_id:tool:cli_node exposure:callable kind:tool scope:builtin security_event:capability_exposure_resolved trust_class:builtin_trusted] msg=capability exposure resolved
workspace 2026/06/14 20:49:54.409451 [state_change] node= task= meta=map[capability:lsp_get_definition capability_id:tool:lsp_get_definition exposure:callable kind:tool scope:builtin security_event:capability_exposure_resolved trust_class:builtin_trusted] msg=capability exposure resolved
workspace 2026/06/14 20:49:54.409464 [state_change] node= task= meta=map[capability:query_ast capability_id:tool:query_ast exposure:callable kind:tool scope:builtin security_event:capability_exposure_resolved trust_class:builtin-trusted] msg=capability exposure resolved
workspace 2026/06/14 20:49:54.409477 [state_change] node= task= meta=map[capability:cli_du capability_id:tool:cli_du exposure:callable kind:tool scope:builtin security_event:capability_exposure_resolved trust_class:builtin_trusted] msg=capability exposure resolved
workspace 2026/06/14 20:49:54.409485 [state_change] node= task= meta=map[capability:cli_sed capability_id:tool:cli_sed exposure:callable kind:tool scope:builtin security_event:capability_exposure_resolved trust_class:builtin_trusted] msg=capability exposure resolved
workspace 2026/06/14 20:49:54.409502 [state_change] node= task= meta=map[capability:cli_colordiff capability_id:tool:cli_colordiff exposure:callable kind:tool scope:builtin security_event:capability_exposure_resolved trust_class:builtin_trusted] msg=capability exposure resolved
workspace 2026/06/14 20:49:54.409515 [state_change] node= task= meta=map[capability:cli_xxd capability_id:tool:cli_xxd exposure:callable kind:tool scope:builtin security_event:capability_exposure_resolved trust_class:builtin_trusted] msg=capability exposure resolved
workspace 2026/06/14 20:49:54.409523 [state_change] node= task= meta=map[capability:cli_pkg_config capability_id:tool:cli_pkg_config exposure:callable kind:tool scope:builtin security_event:capability_exposure_resolved trust_class:builtin_trusted] msg=capability exposure resolved
workspace 2026/06/14 20:49:54.409530 [state_change] node= task= meta=map[capability:cli_ex capability_id:tool:cli_ex exposure:callable kind:tool scope:builtin security_event:capability_exposure_resolved trust_class:builtin_trusted] msg=capability exposure resolved
workspace 2026/06/14 20:49:54.409538 [state_change] node= task= meta=map[capability:pipe_fd_rg capability_id:tool:pipe_fd_rg exposure:callable kind:tool scope:builtin security_event:capability_exposure_resolved trust_class:builtin_trusted] msg=capability exposure resolved
workspace 2026/06/14 20:49:54.409549 [state_change] node= task= meta=map[capability:cli_echo capability_id:tool:cli_echo exposure:callable kind:tool scope:builtin security_event:capability_exposure_resolved trust_class:builtin_trusted] msg=capability exposure resolved
workspace 2026/06/14 20:49:54.409556 [state_change] node= task= meta=map[capability:git_diff capability_id:tool:git_diff exposure:callable kind:tool scope:builtin security_event:capability_exposure_resolved trust_class:builtin_trusted] msg=capability exposure resolved
workspace 2026/06/14 20:49:54.409564 [state_change] node= task= meta=map[capability:cli_objdump capability_id:tool:cli_objdump exposure:callable kind:tool scope:builtin security_event:capability_exposure_resolved trust_class:builtin_trusted] msg=capability exposure resolved
workspace 2026/06/14 20:49:54.409571 [state_change] node= task= meta=map[capability:lsp_search_symbols capability_id:tool:lsp_search_symbols exposure:callable kind:tool scope:builtin security_event:capability_exposure_resolved trust_class:builtin_trusted] msg=capability exposure resolved
workspace 2026/06/14 20:49:54.409578 [state_change] node= task= meta=map[capability:search_grep capability_id:tool:search_grep exposure:callable kind:tool scope:builtin security_event:capability_exposure_resolved trust_class:builtin_trusted] msg=capability exposure resolved
workspace 2026/06/14 20:49:54.409586 [state_change] node= task= meta=map[capability:cli_nslookup capability_id:tool:cli_nslookup exposure:callable kind:tool scope:builtin security_event:capability_exposure_resolved trust_class:builtin_trusted] msg=capability exposure resolved
workspace 2026/06/14 20:49:54.409593 [state_change] node= task= meta=map[capability:file_delete capability_id:tool:file_delete exposure:callable kind:tool scope:builtin security_event:capability_exposure_resolved trust_class:builtin_trusted] msg=capability exposure resolved
workspace 2026/06/14 20:49:54.409604 [state_change] node= task= meta=map[capability:cli_ss capability_id:tool:cli_ss exposure:callable kind:tool scope:builtin security_event:capability_exposure_resolved trust_class:builtin_trusted] msg=capability exposure resolved
workspace 2026/06/14 20:49:54.409614 [state_change] node= task= meta=map[capability:cli_fd capability_id:tool:cli_fd exposure:callable kind:tool scope:builtin security_event:capability_exposure_resolved trust_class:builtin_trusted] msg=capability exposure resolved
workspace 2026/06/14 20:49:54.409621 [state_change] node= task= meta=map[capability:file_list capability_id:tool:file_list exposure:callable kind:tool scope:builtin security_event:capability_exposure_resolved trust_class:builtin_trusted] msg=capability exposure resolved
workspace 2026/06/14 20:49:54.409628 [state_change] node= task= meta=map[capability:cli_gdb capability_id:tool:cli_gdb exposure:callable kind:tool scope:builtin security_event:capability_exposure_resolved trust_class:builtin_trusted] msg=capability exposure resolved
workspace 2026/06/14 20:49:54.409638 [state_change] node= task= meta=map[capability:cli_ed capability_id:tool:cli_ed exposure:callable kind:tool scope:builtin security_event:capability_exposure_resolved trust_class:builtin_trusted] msg=capability exposure resolved
workspace 2026/06/14 20:49:54.409645 [state_change] node= task= meta=map[capability:cli_npm capability_id:tool:cli_npm exposure:callable kind:tool scope:builtin security_event:capability_exposure_resolved trust_class:builtin_trusted] msg=capability exposure resolved
workspace 2026/06/14 20:49:54.409656 [state_change] node= task= meta=map[capability:cli_cmake capability_id:tool:cli_cmake exposure:callable kind:tool scope:builtin security_event:capability_exposure_resolved trust_class:builtin_trusted] msg=capability exposure resolved
workspace 2026/06/14 20:49:54.409664 [state_change] node= task= meta=map[capability:cli_perf capability_id:tool:cli_perf exposure:callable kind:tool scope:builtin security_event:capability_exposure_resolved trust_class:builtin_trusted] msg=capability exposure resolved
workspace 2026/06/14 20:49:54.409671 [state_change] node= task= meta=map[capability:cli_awk capability_id:tool:cli_awk exposure:callable kind:tool scope:builtin security_event:capability_exposure_resolved trust_class:builtin_trusted] msg=capability exposure resolved
workspace 2026/06/14 20:49:54.409678 [state_change] node= task= meta=map[capability:git_branch capability_id:tool:git_branch exposure:callable kind:tool scope:builtin security_event:capability_exposure_resolved trust_class:builtin_trusted] msg=capability exposure resolved
workspace 2026/06/14 20:49:54.409686 [state_change] node= task= meta=map[capability:cli_tr capability_id:tool:cli_tr exposure:callable kind:tool scope:builtin security_event:capability_exposure_resolved trust_class:builtin_trusted] msg=capability exposure resolved
workspace 2026/06/14 20:49:54.409702 [state_change] node= task= meta=map[capability:cli_sort capability_id:tool:cli_sort exposure:callable kind:tool scope:builtin security_event:capability_exposure_resolved trust_class:builtin_trusted] msg=capability exposure resolved
workspace 2026/06/14 20:49:54.409710 [state_change] node= task= meta=map[capability:cli_wget capability_id:tool:cli_wget exposure:callable kind:tool scope:builtin security_event:capability_exposure_resolved trust_class:builtin_trusted] msg=capability exposure resolved
workspace 2026/06/14 20:49:54.409717 [state_change] node= task= meta=map[capability:cli_at capability_id:tool:cli_at exposure:callable kind:tool scope:builtin security_event:capability_exposure_resolved trust_class:builtin_trusted] msg=capability exposure resolved
workspace 2026/06/14 20:49:54.409727 [state_change] node= task= meta=map[capability:file_read capability_id:tool:file_read exposure:callable kind:tool scope:builtin security_event:capability_exposure_resolved trust_class:builtin_trusted] msg=capability exposure resolved
workspace 2026/06/14 20:49:54.409734 [state_change] node= task= meta=map[capability:cli_hexdump capability_id:tool:cli_hexdump exposure:callable kind:tool scope:builtin security_event:capability_exposure_resolved trust_class:builtin_trusted] msg=capability exposure resolved
workspace 2026/06/14 20:49:54.409741 [state_change] node= task= meta=map[capability:cli_top capability_id:tool:cli_top exposure:callable kind:tool scope:builtin security_event:capability_exposure_resolved trust_class:builtin_trusted] msg=capability exposure resolved
workspace 2026/06/14 20:49:54.409749 [state_change] node= task= meta=map[capability:cli_mkdir capability_id:tool:cli_mkdir exposure:callable kind:tool scope:builtin security_event:capability_exposure_resolved trust_class:builtin_trusted] msg=capability exposure resolved
workspace 2026/06/14 20:49:54.409756 [state_change] node= task= meta=map[capability:cli_valgrind capability_id:tool:cli_valgrind exposure:callable kind:tool scope:builtin security_event:capability_exposure_resolved trust_class:builtin_trusted] msg=capability exposure resolved
workspace 2026/06/14 20:49:54.409766 [state_change] node= task= meta=map[capability:cli_git capability_id:tool:cli_git exposure:callable kind:tool scope:builtin security_event:capability_exposure_resolved trust_class:builtin_trusted] msg=capability exposure resolved
workspace 2026/06/14 20:49:54.409777 [state_change] node= task= meta=map[capability:cli_ip capability_id:tool:cli_ip exposure:callable kind:tool scope:builtin security_event:capability_exposure_resolved trust_class:builtin_trusted] msg=capability exposure resolved
workspace 2026/06/14 20:49:54.409785 [state_change] node= task= meta=map[capability:cli_diff capability_id:tool:cli_diff exposure:callable kind:tool scope:builtin security_event:capability_exposure_resolved trust_class:builtin_trusted] msg=capability exposure resolved
workspace 2026/06/14 20:49:54.409795 [state_change] node= task= meta=map[capability:cli_python capability_id:tool:cli_python exposure:callable kind:tool scope:builtin security_event:capability_exposure_resolved trust_class:builtin_trusted] msg=capability exposure resolved
workspace 2026/06/14 20:49:54.409802 [state_change] node= task= meta=map[capability:cli_uniq capability_id:tool:cli_uniq exposure:callable kind:tool scope:builtin security_event:capability_exposure_resolved trust_class:builtin_trusted] msg=capability exposure resolved
workspace 2026/06/14 20:49:54.409810 [state_change] node= task= meta=map[capability:cli_ldd capability_id:tool:cli_ldd exposure:callable kind:tool scope:builtin security_event:capability_exposure_resolved trust_class:builtin_trusted] msg=capability exposure resolved
workspace 2026/06/14 20:49:54.409817 [state_change] node= task= meta=map[capability:cli_lsblk capability_id:tool:cli_lsblk exposure:callable kind:tool scope:builtin security_event:capability_exposure_resolved trust_class:builtin_trusted] msg=capability exposure resolved
workspace 2026/06/14 20:49:54.409824 [state_change] node= task= meta=map[capability:git_history capability_id:tool:git_history exposure:callable kind:tool scope:builtin security_event:capability_exposure_resolved trust_class:builtin_trusted] msg=capability exposure resolved
workspace 2026/06/14 20:49:54.409833 [state_change] node= task= meta=map[capability:cli_crontab capability_id:tool:cli_crontab exposure:callable kind:tool scope:builtin security_event:capability_exposure_resolved trust_class:builtin_trusted] msg=capability exposure resolved
workspace 2026/06/14 20:49:54.409841 [state_change] node= task= meta=map[capability:cli_systemctl capability_id:tool:cli_systemctl exposure:callable kind:tool scope:builtin security_event:capability_exposure_resolved trust_class:builtin_trusted] msg=capability exposure resolved
workspace 2026/06/14 20:49:54.409848 [state_change] node= task= meta=map[capability:cli_ag capability_id:tool:cli_ag exposure:callable kind:tool scope:builtin security_event:capability_exposure_resolved trust_class:builtin_trusted] msg=capability exposure resolved
workspace 2026/06/14 20:49:54.409856 [state_change] node= task= meta=map[capability:lsp_get_hover capability_id:tool:lsp_get_hover exposure:callable kind:tool scope:builtin security_event:capability_exposure_resolved trust_class:builtin_trusted] msg=capability exposure resolved
workspace 2026/06/14 20:49:54.409863 [state_change] node= task= meta=map[capability:cli_time capability_id:tool:cli_time exposure:callable kind:tool scope:builtin security_event:capability_exposure_resolved trust_class:builtin_trusted] msg=capability exposure resolved
workspace 2026/06/14 20:49:54.409870 [state_change] node= task= meta=map[capability:cli_comm capability_id:tool:cli_comm exposure:callable kind:tool scope:builtin security_event:capability_exposure_resolved trust_class:builtin_trusted] msg=capability exposure resolved
workspace 2026/06/14 20:49:54.409888 [state_change] node= task= meta=map[capability:cli_df capability_id:tool:cli_df exposure:callable kind:tool scope:builtin security_event:capability_exposure_resolved trust_class:builtin_trusted] msg=capability exposure resolved
workspace 2026/06/14 20:49:54.409896 [state_change] node= task= meta=map[capability:cli_strace capability_id:tool:cli_strace exposure:callable kind:tool scope:builtin security_event:capability_exposure_resolved trust_class:builtin_trusted] msg=capability exposure resolved
workspace 2026/06/14 20:49:54.409905 [state_change] node= task= meta=map[capability:cli_rg capability_id:tool:cli_rg exposure:callable kind:tool scope:builtin security_event:capability_exposure_resolved trust_class:builtin_trusted] msg=capability exposure resolved
workspace 2026/06/14 20:49:54.409913 [state_change] node= task= meta=map[capability:lsp_document_symbols capability_id:tool:lsp_document_symbols exposure:callable kind:tool scope:builtin security_event:capability_exposure_resolved trust_class:builtin_trusted] msg=capability exposure resolved
workspace 2026/06/14 20:49:54.409920 [state_change] node= task= meta=map[capability:cli_wc capability_id:tool:cli_wc exposure:callable kind:tool scope:builtin security_event:capability_exposure_resolved trust_class:builtin_trusted] msg=capability exposure resolved
workspace 2026/06/14 20:49:54.409927 [state_change] node= task= meta=map[capability:cli_rev capability_id:tool:cli_rev exposure:callable kind:tool scope:builtin security_event:capability_exposure_resolved trust_class:builtin_trusted] msg=capability exposure resolved
workspace 2026/06/14 20:49:54.409935 [state_change] node= task= meta=map[capability:file_search capability_id:tool:file_search exposure:callable kind:tool scope:builtin security_event:capability_exposure_resolved trust_class:builtin_trusted] msg=capability exposure resolved
workspace 2026/06/14 20:49:54.409944 [state_change] node= task= meta=map[capability:file_write capability_id:tool:file_write exposure:callable kind:tool scope:builtin security_event:capability_exposure_resolved trust_class:builtin_trusted] msg=capability exposure resolved
workspace 2026/06/14 20:49:54.409951 [state_change] node= task= meta=map[capability:cli_go capability_id:tool:cli_go exposure:callable kind:tool scope:builtin security_event:capability_exposure_resolved trust_class:builtin_trusted] msg=capability exposure resolved
workspace 2026/06/14 20:49:54.409959 [state_change] node= task= meta=map[capability:git_commit capability_id:tool:git_commit exposure:callable kind:tool scope:builtin security_event:capability_exposure_resolved trust_class:builtin_trusted] msg=capability exposure resolved
workspace 2026/06/14 20:49:54.409966 [state_change] node= task= meta=map[capability:cli_patch capability_id:tool:cli_patch exposure:callable kind:tool scope:builtin security_event:capability_exposure_resolved trust_class:builtin_trusted] msg=capability exposure resolved
workspace 2026/06/14 20:49:54.409973 [state_change] node= task= meta=map[capability:bash capability_id:tool:bash exposure:callable kind:tool scope:builtin security_event:capability_exposure_resolved trust_class:builtin_trusted] msg=capability exposure resolved
workspace 2026/06/14 20:49:54.409997 [state_change] node= task= meta=map[capability:cli_lsof capability_id:tool:cli_lsof exposure:callable kind:tool scope:builtin security_event:capability_exposure_resolved trust_class:builtin_trusted] msg=capability exposure resolved
workspace 2026/06/14 20:49:54.410004 [state_change] node= task= meta=map[capability:lsp_get_references capability_id:tool:lsp_get_references exposure:callable kind:tool scope:builtin security_event:capability_exposure_resolved trust_class:builtin_trusted] msg=capability exposure resolved
workspace 2026/06/14 20:49:54.410015 [state_change] node= task= meta=map[capability:lsp_format capability_id:tool:lsp_format exposure:callable kind:tool scope:builtin security_event:capability_exposure_resolved trust_class:builtin_trusted] msg=capability exposure resolved
workspace 2026/06/14 20:49:54.410022 [state_change] node= task= meta=map[capability:cli_uptime capability_id:tool:cli_uptime exposure:callable kind:tool scope:builtin security_event:capability_exposure_resolved trust_class:builtin_trusted] msg=capability exposure resolved
workspace 2026/06/14 20:49:54.410030 [state_change] node= task= meta=map[capability:cli_cargo capability_id:tool:cli_cargo exposure:callable kind:tool scope:builtin security_event:capability_exposure_resolved trust_class:builtin_trusted] msg=capability exposure resolved
workspace 2026/06/14 20:49:54.410039 [state_change] node= task= meta=map[capability:cli_tree capability_id:tool:cli_tree exposure:callable kind:tool scope:builtin security_event:capability_exposure_resolved trust_class:builtin_trusted] msg=capability exposure resolved
workspace 2026/06/14 20:49:54.410047 [state_change] node= task= meta=map[capability:cli_dig capability_id:tool:cli_dig exposure:callable kind:tool scope:builtin security_event:capability_exposure_resolved trust_class:builtin_trusted] msg=capability exposure resolved
workspace 2026/06/14 20:49:54.410054 [state_change] node= task= meta=map[capability:cli_column capability_id:tool:cli_column exposure:callable kind:tool scope:builtin security_event:capability_exposure_resolved trust_class:builtin_trusted] msg=capability exposure resolved
workspace 2026/06/14 20:49:54.410063 [state_change] node= task= meta=map[capability:git_blame capability_id:tool:git_blame exposure:callable kind:tool scope:builtin security_event:capability_exposure_resolved trust_class:builtin_trusted] msg=capability exposure resolved
workspace 2026/06/14 20:49:54.410070 [state_change] node= task= meta=map[capability:search_semantic capability_id:tool:search_semantic exposure:callable kind:tool scope:builtin security_event:capability_exposure_resolved trust_class:builtin-trusted] msg=capability exposure resolved
workspace 2026/06/14 20:49:54.410081 [state_change] node= task= meta=map[capability:cli_ps capability_id:tool:cli_ps exposure:callable kind:tool scope:builtin security_event:capability_exposure_resolved trust_class:builtin_trusted] msg=capability exposure resolved
workspace 2026/06/14 20:49:54.410092 [state_change] node= task= meta=map[capability:cli_locate capability_id:tool:cli_locate exposure:callable kind:tool scope:builtin security_event:capability_exposure_resolved trust_class:builtin_trusted] msg=capability exposure resolved
workspace 2026/06/14 20:49:54.410099 [state_change] node= task= meta=map[capability:cli_touch capability_id:tool:cli_touch exposure:callable kind:tool scope:builtin security_event:capability_exposure_resolved trust_class:builtin_trusted] msg=capability exposure resolved
workspace 2026/06/14 20:49:54.410106 [state_change] node= task= meta=map[capability:cli_nc capability_id:tool:cli_nc exposure:callable kind:tool scope:builtin security_event:capability_exposure_resolved trust_class:builtin_trusted] msg=capability exposure resolved
workspace 2026/06/14 20:49:54.410114 [state_change] node= task= meta=map[capability:cli_tar capability_id:tool:cli_tar exposure:callable kind:tool scope:builtin security_event:capability_exposure_resolved trust_class:builtin_trusted] msg=capability exposure resolved
workspace 2026/06/14 20:49:54.410124 [state_change] node= task= meta=map[capability:cli_cut capability_id:tool:cli_cut exposure:callable kind:tool scope:builtin security_event:capability_exposure_resolved trust_class:builtin_trusted] msg=capability exposure resolved
workspace 2026/06/14 20:49:54.410132 [state_change] node= task= meta=map[capability:cli_paste capability_id:tool:cli_paste exposure:callable kind:tool scope:builtin security_event:capability_exposure_resolved trust_class:builtin_trusted] msg=capability exposure resolved
workspace 2026/06/14 20:49:54.410139 [state_change] node= task= meta=map[capability:cli_yq capability_id:tool:cli_yq exposure:callable kind:tool scope:builtin security_event:capability_exposure_resolved trust_class:builtin_trusted] msg=capability exposure resolved
workspace 2026/06/14 20:49:54.410146 [state_change] node= task= meta=map[capability:cli_find capability_id:tool:cli_find exposure:callable kind:tool scope:builtin security_event:capability_exposure_resolved trust_class:builtin_trusted] msg=capability exposure resolved
workspace 2026/06/14 20:49:54.410153 [state_change] node= task= meta=map[capability:cli_jq capability_id:tool:cli_jq exposure:callable kind:tool scope:builtin security_event:capability_exposure_resolved trust_class:builtin_trusted] msg=capability exposure resolved
workspace 2026/06/14 20:49:54.410163 [state_change] node= task= meta=map[capability:lsp_get_diagnostics capability_id:tool:lsp_get_diagnostics exposure:callable kind:tool scope:builtin security_event:capability_exposure_resolved trust_class:builtin_trusted] msg=capability exposure resolved
workspace 2026/06/14 20:49:54.410172 [state_change] node= task= meta=map[capability:search_find_similar capability_id:tool:search_find_similar exposure:callable kind:tool scope:builtin security_event:capability_exposure_resolved trust_class:builtin-trusted] msg=capability exposure resolved
workspace 2026/06/14 20:49:54.410186 [state_change] node= task= meta=map[capability:cli_bzip2 capability_id:tool:cli_bzip2 exposure:callable kind:tool scope:builtin security_event:capability_exposure_resolved trust_class:builtin_trusted] msg=capability exposure resolved
workspace 2026/06/14 20:49:54.410193 [state_change] node= task= meta=map[capability:cli_htop capability_id:tool:cli_htop exposure:callable kind:tool scope:builtin security_event:capability_exposure_resolved trust_class:builtin_trusted] msg=capability exposure resolved
workspace 2026/06/14 20:49:54.410201 [state_change] node= task= meta=map[capability:cli_ping capability_id:tool:cli_ping exposure:callable kind:tool scope:builtin security_event:capability_exposure_resolved trust_class:builtin_trusted] msg=capability exposure resolved
workspace 2026/06/14 20:49:54.410208 [state_change] node= task= meta=map[capability:cli_make capability_id:tool:cli_make exposure:callable kind:tool scope:builtin security_event:capability_exposure_resolved trust_class:builtin_trusted] msg=capability exposure resolved
workspace 2026/06/14 20:49:54.410215 [state_change] node= task= meta=map[capability:cli_curl capability_id:tool:cli_curl exposure:callable kind:tool scope:builtin security_event:capability_exposure_resolved trust_class:builtin_trusted] msg=capability exposure resolved
workspace 2026/06/14 20:49:54.410222 [state_change] node= task= meta=map[capability:cli_rustfmt capability_id:tool:cli_rustfmt exposure:callable kind:tool scope:builtin security_event:capability_exposure_resolved trust_class:builtin_trusted] msg=capability exposure resolved
workspace 2026/06/14 20:49:54.410230 [state_change] node= task= meta=map[capability:cli_file capability_id:tool:cli_file exposure:callable kind:tool scope:builtin security_event:capability_exposure_resolved trust_class:builtin_trusted] msg=capability exposure resolved
workspace 2026/06/14 20:49:54.410240 [state_change] node= task= meta=map[capability:go_test capability_id:tool:go_test exposure:callable kind:tool scope:builtin security_event:capability_exposure_resolved trust_class:builtin_trusted] msg=capability exposure resolved
workspace 2026/06/14 20:49:54.410248 [state_change] node= task= meta=map[capability:cli_xz capability_id:tool:cli_xz exposure:callable kind:tool scope:builtin security_event:capability_exposure_resolved trust_class:builtin_trusted] msg=capability exposure resolved
workspace 2026/06/14 20:49:54.410255 [state_change] node= task= meta=map[capability:file_create capability_id:tool:file_create exposure:callable kind:tool scope:builtin security_event:capability_exposure_resolved trust_class:builtin_trusted] msg=capability exposure resolved
2026/06/14 20:49:54 relurpish panic recovered: runtime error: invalid memory address or nil pointer dereference
workspace 2026/06/15 07:48:16.342532 [state_change] node= task= meta=map[capability:cli_strace capability_id:tool:cli_strace exposure:callable kind:tool scope:builtin security_event:capability_exposure_resolved trust_class:builtin_trusted] msg=capability exposure resolved
workspace 2026/06/15 07:48:16.342606 [state_change] node= task= meta=map[capability:cli_curl capability_id:tool:cli_curl exposure:callable kind:tool scope:builtin security_event:capability_exposure_resolved trust_class:builtin_trusted] msg=capability exposure resolved
workspace 2026/06/15 07:48:16.342644 [state_change] node= task= meta=map[capability:cli_patch capability_id:tool:cli_patch exposure:callable kind:tool scope:builtin security_event:capability_exposure_resolved trust_class:builtin_trusted] msg=capability exposure resolved
workspace 2026/06/15 07:48:16.342664 [state_change] node= task= meta=map[capability:cli_awk capability_id:tool:cli_awk exposure:callable kind:tool scope:builtin security_event:capability_exposure_resolved trust_class:builtin_trusted] msg=capability exposure resolved
workspace 2026/06/15 07:48:16.342681 [state_change] node= task= meta=map[capability:cli_comm capability_id:tool:cli_comm exposure:callable kind:tool scope:builtin security_event:capability_exposure_resolved trust_class:builtin_trusted] msg=capability exposure resolved
workspace 2026/06/15 07:48:16.342700 [state_change] node= task= meta=map[capability:lsp_get_references capability_id:tool:lsp_get_references exposure:callable kind:tool scope:builtin security_event:capability_exposure_resolved trust_class:builtin_trusted] msg=capability exposure resolved
workspace 2026/06/15 07:48:16.342718 [state_change] node= task= meta=map[capability:cli_go capability_id:tool:cli_go exposure:callable kind:tool scope:builtin security_event:capability_exposure_resolved trust_class:builtin_trusted] msg=capability exposure resolved
workspace 2026/06/15 07:48:16.342736 [state_change] node= task= meta=map[capability:cli_objdump capability_id:tool:cli_objdump exposure:callable kind:tool scope:builtin security_event:capability_exposure_resolved trust_class:builtin_trusted] msg=capability exposure resolved
workspace 2026/06/15 07:48:16.342752 [state_change] node= task= meta=map[capability:cli_node capability_id:tool:cli_node exposure:callable kind:tool scope:builtin security_event:capability_exposure_resolved trust_class:builtin_trusted] msg=capability exposure resolved
workspace 2026/06/15 07:48:16.342769 [state_change] node= task= meta=map[capability:cli_systemctl capability_id:tool:cli_systemctl exposure:callable kind:tool scope:builtin security_event:capability_exposure_resolved trust_class:builtin_trusted] msg=capability exposure resolved
workspace 2026/06/15 07:48:16.342798 [state_change] node= task= meta=map[capability:git_branch capability_id:tool:git_branch exposure:callable kind:tool scope:builtin security_event:capability_exposure_resolved trust_class:builtin_trusted] msg=capability exposure resolved
workspace 2026/06/15 07:48:16.342820 [state_change] node= task= meta=map[capability:file_search capability_id:tool:file_search exposure:callable kind:tool scope:builtin security_event:capability_exposure_resolved trust_class:builtin_trusted] msg=capability exposure resolved
workspace 2026/06/15 07:48:16.342837 [state_change] node= task= meta=map[capability:bash capability_id:tool:bash exposure:callable kind:tool scope:builtin security_event:capability_exposure_resolved trust_class:builtin_trusted] msg=capability exposure resolved
workspace 2026/06/15 07:48:16.342856 [state_change] node= task= meta=map[capability:cli_tar capability_id:tool:cli_tar exposure:callable kind:tool scope:builtin security_event:capability_exposure_resolved trust_class:builtin_trusted] msg=capability exposure resolved
workspace 2026/06/15 07:48:16.342872 [state_change] node= task= meta=map[capability:cli_rustfmt capability_id:tool:cli_rustfmt exposure:callable kind:tool scope:builtin security_event:capability_exposure_resolved trust_class:builtin_trusted] msg=capability exposure resolved
workspace 2026/06/15 07:48:16.342893 [state_change] node= task= meta=map[capability:search_grep capability_id:tool:search_grep exposure:callable kind:tool scope:builtin security_event:capability_exposure_resolved trust_class:builtin_trusted] msg=capability exposure resolved
workspace 2026/06/15 07:48:16.342910 [state_change] node= task= meta=map[capability:git_history capability_id:tool:git_history exposure:callable kind:tool scope:builtin security_event:capability_exposure_resolved trust_class:builtin_trusted] msg=capability exposure resolved
workspace 2026/06/15 07:48:16.342930 [state_change] node= task= meta=map[capability:cli_gdb capability_id:tool:cli_gdb exposure:callable kind:tool scope:builtin security_event:capability_exposure_resolved trust_class:builtin_trusted] msg=capability exposure resolved
workspace 2026/06/15 07:48:16.342946 [state_change] node= task= meta=map[capability:cli_ping capability_id:tool:cli_ping exposure:callable kind:tool scope:builtin security_event:capability_exposure_resolved trust_class:builtin_trusted] msg=capability exposure resolved
workspace 2026/06/15 07:48:16.342961 [state_change] node= task= meta=map[capability:file_read capability_id:tool:file_read exposure:callable kind:tool scope:builtin security_event:capability_exposure_resolved trust_class:builtin_trusted] msg=capability exposure resolved
workspace 2026/06/15 07:48:16.342977 [state_change] node= task= meta=map[capability:cli_nc capability_id:tool:cli_nc exposure:callable kind:tool scope:builtin security_event:capability_exposure_resolved trust_class:builtin_trusted] msg=capability exposure resolved
workspace 2026/06/15 07:48:16.342994 [state_change] node= task= meta=map[capability:cli_ldd capability_id:tool:cli_ldd exposure:callable kind:tool scope:builtin security_event:capability_exposure_resolved trust_class:builtin_trusted] msg=capability exposure resolved
workspace 2026/06/15 07:48:16.343010 [state_change] node= task= meta=map[capability:cli_uptime capability_id:tool:cli_uptime exposure:callable kind:tool scope:builtin security_event:capability_exposure_resolved trust_class:builtin_trusted] msg=capability exposure resolved
workspace 2026/06/15 07:48:16.343025 [state_change] node= task= meta=map[capability:cli_hexdump capability_id:tool:cli_hexdump exposure:callable kind:tool scope:builtin security_event:capability_exposure_resolved trust_class:builtin_trusted] msg=capability exposure resolved
workspace 2026/06/15 07:48:16.343043 [state_change] node= task= meta=map[capability:cli_find capability_id:tool:cli_find exposure:callable kind:tool scope:builtin security_event:capability_exposure_resolved trust_class:builtin_trusted] msg=capability exposure resolved
workspace 2026/06/15 07:48:16.343059 [state_change] node= task= meta=map[capability:cli_tr capability_id:tool:cli_tr exposure:callable kind:tool scope:builtin security_event:capability_exposure_resolved trust_class:builtin_trusted] msg=capability exposure resolved
workspace 2026/06/15 07:48:16.343074 [state_change] node= task= meta=map[capability:lsp_search_symbols capability_id:tool:lsp_search_symbols exposure:callable kind:tool scope:builtin security_event:capability_exposure_resolved trust_class:builtin_trusted] msg=capability exposure resolved
workspace 2026/06/15 07:48:16.343092 [state_change] node= task= meta=map[capability:cli_colordiff capability_id:tool:cli_colordiff exposure:callable kind:tool scope:builtin security_event:capability_exposure_resolved trust_class:builtin_trusted] msg=capability exposure resolved
workspace 2026/06/15 07:48:16.343115 [state_change] node= task= meta=map[capability:cli_gzip capability_id:tool:cli_gzip exposure:callable kind:tool scope:builtin security_event:capability_exposure_resolved trust_class:builtin_trusted] msg=capability exposure resolved
workspace 2026/06/15 07:48:16.343132 [state_change] node= task= meta=map[capability:cli_rev capability_id:tool:cli_rev exposure:callable kind:tool scope:builtin security_event:capability_exposure_resolved trust_class:builtin_trusted] msg=capability exposure resolved
workspace 2026/06/15 07:48:16.343147 [state_change] node= task= meta=map[capability:cli_fd capability_id:tool:cli_fd exposure:callable kind:tool scope:builtin security_event:capability_exposure_resolved trust_class:builtin_trusted] msg=capability exposure resolved
workspace 2026/06/15 07:48:16.343165 [state_change] node= task= meta=map[capability:cli_uniq capability_id:tool:cli_uniq exposure:callable kind:tool scope:builtin security_event:capability_exposure_resolved trust_class:builtin_trusted] msg=capability exposure resolved
workspace 2026/06/15 07:48:16.343181 [state_change] node= task= meta=map[capability:cli_diff capability_id:tool:cli_diff exposure:callable kind:tool scope:builtin security_event:capability_exposure_resolved trust_class:builtin_trusted] msg=capability exposure resolved
workspace 2026/06/15 07:48:16.343202 [state_change] node= task= meta=map[capability:cli_column capability_id:tool:cli_column exposure:callable kind:tool scope:builtin security_event:capability_exposure_resolved trust_class:builtin_trusted] msg=capability exposure resolved
workspace 2026/06/15 07:48:16.343218 [state_change] node= task= meta=map[capability:cli_sort capability_id:tool:cli_sort exposure:callable kind:tool scope:builtin security_event:capability_exposure_resolved trust_class:builtin_trusted] msg=capability exposure resolved
workspace 2026/06/15 07:48:16.343233 [state_change] node= task= meta=map[capability:cli_nslookup capability_id:tool:cli_nslookup exposure:callable kind:tool scope:builtin security_event:capability_exposure_resolved trust_class:builtin_trusted] msg=capability exposure resolved
workspace 2026/06/15 07:48:16.343251 [state_change] node= task= meta=map[capability:cli_ps capability_id:tool:cli_ps exposure:callable kind:tool scope:builtin security_event:capability_exposure_resolved trust_class:builtin_trusted] msg=capability exposure resolved
workspace 2026/06/15 07:48:16.343266 [state_change] node= task= meta=map[capability:cli_ip capability_id:tool:cli_ip exposure:callable kind:tool scope:builtin security_event:capability_exposure_resolved trust_class:builtin_trusted] msg=capability exposure resolved
workspace 2026/06/15 07:48:16.343282 [state_change] node= task= meta=map[capability:cli_sed capability_id:tool:cli_sed exposure:callable kind:tool scope:builtin security_event:capability_exposure_resolved trust_class:builtin_trusted] msg=capability exposure resolved
workspace 2026/06/15 07:48:16.343297 [state_change] node= task= meta=map[capability:file_delete capability_id:tool:file_delete exposure:callable kind:tool scope:builtin security_event:capability_exposure_resolved trust_class:builtin_trusted] msg=capability exposure resolved
workspace 2026/06/15 07:48:16.343315 [state_change] node= task= meta=map[capability:cli_yq capability_id:tool:cli_yq exposure:callable kind:tool scope:builtin security_event:capability_exposure_resolved trust_class:builtin_trusted] msg=capability exposure resolved
workspace 2026/06/15 07:48:16.343338 [state_change] node= task= meta=map[capability:cli_ed capability_id:tool:cli_ed exposure:callable kind:tool scope:builtin security_event:capability_exposure_resolved trust_class:builtin_trusted] msg=capability exposure resolved
workspace 2026/06/15 07:48:16.343354 [state_change] node= task= meta=map[capability:file_list capability_id:tool:file_list exposure:callable kind:tool scope:builtin security_event:capability_exposure_resolved trust_class:builtin_trusted] msg=capability exposure resolved
workspace 2026/06/15 07:48:16.343369 [state_change] node= task= meta=map[capability:cli_xz capability_id:tool:cli_xz exposure:callable kind:tool scope:builtin security_event:capability_exposure_resolved trust_class:builtin_trusted] msg=capability exposure resolved
workspace 2026/06/15 07:48:16.343385 [state_change] node= task= meta=map[capability:cli_lsblk capability_id:tool:cli_lsblk exposure:callable kind:tool scope:builtin security_event:capability_exposure_resolved trust_class:builtin_trusted] msg=capability exposure resolved
workspace 2026/06/15 07:48:16.343403 [state_change] node= task= meta=map[capability:cli_echo capability_id:tool:cli_echo exposure:callable kind:tool scope:builtin security_event:capability_exposure_resolved trust_class:builtin_trusted] msg=capability exposure resolved
workspace 2026/06/15 07:48:16.343419 [state_change] node= task= meta=map[capability:search_semantic capability_id:tool:search_semantic exposure:callable kind:tool scope:builtin security_event:capability_exposure_resolved trust_class:builtin-trusted] msg=capability exposure resolved
workspace 2026/06/15 07:48:16.343434 [state_change] node= task= meta=map[capability:cli_xxd capability_id:tool:cli_xxd exposure:callable kind:tool scope:builtin security_event:capability_exposure_resolved trust_class:builtin_trusted] msg=capability exposure resolved
workspace 2026/06/15 07:48:16.343456 [state_change] node= task= meta=map[capability:lsp_format capability_id:tool:lsp_format exposure:callable kind:tool scope:builtin security_event:capability_exposure_resolved trust_class:builtin_trusted] msg=capability exposure resolved
workspace 2026/06/15 07:48:16.343471 [state_change] node= task= meta=map[capability:cli_ag capability_id:tool:cli_ag exposure:callable kind:tool scope:builtin security_event:capability_exposure_resolved trust_class:builtin_trusted] msg=capability exposure resolved
workspace 2026/06/15 07:48:16.343490 [state_change] node= task= meta=map[capability:cli_time capability_id:tool:cli_time exposure:callable kind:tool scope:builtin security_event:capability_exposure_resolved trust_class:builtin_trusted] msg=capability exposure resolved
workspace 2026/06/15 07:48:16.343505 [state_change] node= task= meta=map[capability:lsp_get_diagnostics capability_id:tool:lsp_get_diagnostics exposure:callable kind:tool scope:builtin security_event:capability_exposure_resolved trust_class:builtin_trusted] msg=capability exposure resolved
workspace 2026/06/15 07:48:16.343521 [state_change] node= task= meta=map[capability:cli_crontab capability_id:tool:cli_crontab exposure:callable kind:tool scope:builtin security_event:capability_exposure_resolved trust_class:builtin_trusted] msg=capability exposure resolved
workspace 2026/06/15 07:48:16.343538 [state_change] node= task= meta=map[capability:cli_cmake capability_id:tool:cli_cmake exposure:callable kind:tool scope:builtin security_event:capability_exposure_resolved trust_class:builtin_trusted] msg=capability exposure resolved
workspace 2026/06/15 07:48:16.343558 [state_change] node= task= meta=map[capability:git_diff capability_id:tool:git_diff exposure:callable kind:tool scope:builtin security_event:capability_exposure_resolved trust_class:builtin_trusted] msg=capability exposure resolved
workspace 2026/06/15 07:48:16.343576 [state_change] node= task= meta=map[capability:cli_at capability_id:tool:cli_at exposure:callable kind:tool scope:builtin security_event:capability_exposure_resolved trust_class:builtin_trusted] msg=capability exposure resolved
workspace 2026/06/15 07:48:16.343591 [state_change] node= task= meta=map[capability:go_test capability_id:tool:go_test exposure:callable kind:tool scope:builtin security_event:capability_exposure_resolved trust_class:builtin_trusted] msg=capability exposure resolved
workspace 2026/06/15 07:48:16.343607 [state_change] node= task= meta=map[capability:cli_cut capability_id:tool:cli_cut exposure:callable kind:tool scope:builtin security_event:capability_exposure_resolved trust_class:builtin_trusted] msg=capability exposure resolved
workspace 2026/06/15 07:48:16.343624 [state_change] node= task= meta=map[capability:cli_du capability_id:tool:cli_du exposure:callable kind:tool scope:builtin security_event:capability_exposure_resolved trust_class:builtin_trusted] msg=capability exposure resolved
workspace 2026/06/15 07:48:16.343639 [state_change] node= task= meta=map[capability:cli_top capability_id:tool:cli_top exposure:callable kind:tool scope:builtin security_event:capability_exposure_resolved trust_class:builtin_trusted] msg=capability exposure resolved
workspace 2026/06/15 07:48:16.343656 [state_change] node= task= meta=map[capability:git_commit capability_id:tool:git_commit exposure:callable kind:tool scope:builtin security_event:capability_exposure_resolved trust_class:builtin_trusted] msg=capability exposure resolved
workspace 2026/06/15 07:48:16.343673 [state_change] node= task= meta=map[capability:cli_make capability_id:tool:cli_make exposure:callable kind:tool scope:builtin security_event:capability_exposure_resolved trust_class:builtin_trusted] msg=capability exposure resolved
workspace 2026/06/15 07:48:16.343688 [state_change] node= task= meta=map[capability:cli_locate capability_id:tool:cli_locate exposure:callable kind:tool scope:builtin security_event:capability_exposure_resolved trust_class:builtin_trusted] msg=capability exposure resolved
workspace 2026/06/15 07:48:16.343709 [state_change] node= task= meta=map[capability:cli_python capability_id:tool:cli_python exposure:callable kind:tool scope:builtin security_event:capability_exposure_resolved trust_class:builtin_trusted] msg=capability exposure resolved
workspace 2026/06/15 07:48:16.343725 [state_change] node= task= meta=map[capability:query_ast capability_id:tool:query_ast exposure:callable kind:tool scope:builtin security_event:capability_exposure_resolved trust_class:builtin-trusted] msg=capability exposure resolved
workspace 2026/06/15 07:48:16.343740 [state_change] node= task= meta=map[capability:cli_jq capability_id:tool:cli_jq exposure:callable kind:tool scope:builtin security_event:capability_exposure_resolved trust_class:builtin_trusted] msg=capability exposure resolved
workspace 2026/06/15 07:48:16.343757 [state_change] node= task= meta=map[capability:cli_npm capability_id:tool:cli_npm exposure:callable kind:tool scope:builtin security_event:capability_exposure_resolved trust_class:builtin_trusted] msg=capability exposure resolved
workspace 2026/06/15 07:48:16.343777 [state_change] node= task= meta=map[capability:file_create capability_id:tool:file_create exposure:callable kind:tool scope:builtin security_event:capability_exposure_resolved trust_class:builtin_trusted] msg=capability exposure resolved
workspace 2026/06/15 07:48:16.343801 [state_change] node= task= meta=map[capability:cli_htop capability_id:tool:cli_htop exposure:callable kind:tool scope:builtin security_event:capability_exposure_resolved trust_class:builtin_trusted] msg=capability exposure resolved
workspace 2026/06/15 07:48:16.343819 [state_change] node= task= meta=map[capability:cli_ex capability_id:tool:cli_ex exposure:callable kind:tool scope:builtin security_event:capability_exposure_resolved trust_class:builtin_trusted] msg=capability exposure resolved
workspace 2026/06/15 07:48:16.343836 [state_change] node= task= meta=map[capability:cli_pkg_config capability_id:tool:cli_pkg_config exposure:callable kind:tool scope:builtin security_event:capability_exposure_resolved trust_class:builtin_trusted] msg=capability exposure resolved
workspace 2026/06/15 07:48:16.343854 [state_change] node= task= meta=map[capability:cli_paste capability_id:tool:cli_paste exposure:callable kind:tool scope:builtin security_event:capability_exposure_resolved trust_class:builtin_trusted] msg=capability exposure resolved
workspace 2026/06/15 07:48:16.343869 [state_change] node= task= meta=map[capability:lsp_get_definition capability_id:tool:lsp_get_definition exposure:callable kind:tool scope:builtin security_event:capability_exposure_resolved trust_class:builtin_trusted] msg=capability exposure resolved
workspace 2026/06/15 07:48:16.343884 [state_change] node= task= meta=map[capability:cli_git capability_id:tool:cli_git exposure:callable kind:tool scope:builtin security_event:capability_exposure_resolved trust_class:builtin_trusted] msg=capability exposure resolved
workspace 2026/06/15 07:48:16.343901 [state_change] node= task= meta=map[capability:cli_df capability_id:tool:cli_df exposure:callable kind:tool scope:builtin security_event:capability_exposure_resolved trust_class:builtin_trusted] msg=capability exposure resolved
workspace 2026/06/15 07:48:16.343917 [state_change] node= task= meta=map[capability:cli_bzip2 capability_id:tool:cli_bzip2 exposure:callable kind:tool scope:builtin security_event:capability_exposure_resolved trust_class:builtin_trusted] msg=capability exposure resolved
workspace 2026/06/15 07:48:16.343932 [state_change] node= task= meta=map[capability:lsp_document_symbols capability_id:tool:lsp_document_symbols exposure:callable kind:tool scope:builtin security_event:capability_exposure_resolved trust_class:builtin_trusted] msg=capability exposure resolved
workspace 2026/06/15 07:48:16.343949 [state_change] node= task= meta=map[capability:cli_rg capability_id:tool:cli_rg exposure:callable kind:tool scope:builtin security_event:capability_exposure_resolved trust_class:builtin_trusted] msg=capability exposure resolved
workspace 2026/06/15 07:48:16.343972 [state_change] node= task= meta=map[capability:cli_dig capability_id:tool:cli_dig exposure:callable kind:tool scope:builtin security_event:capability_exposure_resolved trust_class:builtin_trusted] msg=capability exposure resolved
workspace 2026/06/15 07:48:16.343988 [state_change] node= task= meta=map[capability:cli_mkdir capability_id:tool:cli_mkdir exposure:callable kind:tool scope:builtin security_event:capability_exposure_resolved trust_class:builtin_trusted] msg=capability exposure resolved
workspace 2026/06/15 07:48:16.344008 [state_change] node= task= meta=map[capability:cli_perl capability_id:tool:cli_perl exposure:callable kind:tool scope:builtin security_event:capability_exposure_resolved trust_class:builtin_trusted] msg=capability exposure resolved
workspace 2026/06/15 07:48:16.344024 [state_change] node= task= meta=map[capability:search_find_similar capability_id:tool:search_find_similar exposure:callable kind:tool scope:builtin security_event:capability_exposure_resolved trust_class:builtin-trusted] msg=capability exposure resolved
workspace 2026/06/15 07:48:16.344040 [state_change] node= task= meta=map[capability:cli_touch capability_id:tool:cli_touch exposure:callable kind:tool scope:builtin security_event:capability_exposure_resolved trust_class:builtin_trusted] msg=capability exposure resolved
workspace 2026/06/15 07:48:16.344057 [state_change] node= task= meta=map[capability:file_write capability_id:tool:file_write exposure:callable kind:tool scope:builtin security_event:capability_exposure_resolved trust_class:builtin_trusted] msg=capability exposure resolved
workspace 2026/06/15 07:48:16.344072 [state_change] node= task= meta=map[capability:cli_file capability_id:tool:cli_file exposure:callable kind:tool scope:builtin security_event:capability_exposure_resolved trust_class:builtin_trusted] msg=capability exposure resolved
workspace 2026/06/15 07:48:16.344088 [state_change] node= task= meta=map[capability:cli_ss capability_id:tool:cli_ss exposure:callable kind:tool scope:builtin security_event:capability_exposure_resolved trust_class:builtin_trusted] msg=capability exposure resolved
workspace 2026/06/15 07:48:16.344106 [state_change] node= task= meta=map[capability:cli_lsof capability_id:tool:cli_lsof exposure:callable kind:tool scope:builtin security_event:capability_exposure_resolved trust_class:builtin_trusted] msg=capability exposure resolved
workspace 2026/06/15 07:48:16.344121 [state_change] node= task= meta=map[capability:cli_wc capability_id:tool:cli_wc exposure:callable kind:tool scope:builtin security_event:capability_exposure_resolved trust_class:builtin_trusted] msg=capability exposure resolved
workspace 2026/06/15 07:48:16.344137 [state_change] node= task= meta=map[capability:cli_perf capability_id:tool:cli_perf exposure:callable kind:tool scope:builtin security_event:capability_exposure_resolved trust_class:builtin_trusted] msg=capability exposure resolved
workspace 2026/06/15 07:48:16.344152 [state_change] node= task= meta=map[capability:cli_valgrind capability_id:tool:cli_valgrind exposure:callable kind:tool scope:builtin security_event:capability_exposure_resolved trust_class:builtin_trusted] msg=capability exposure resolved
workspace 2026/06/15 07:48:16.344167 [state_change] node= task= meta=map[capability:pipe_fd_rg capability_id:tool:pipe_fd_rg exposure:callable kind:tool scope:builtin security_event:capability_exposure_resolved trust_class:builtin_trusted] msg=capability exposure resolved
workspace 2026/06/15 07:48:16.344186 [state_change] node= task= meta=map[capability:cli_cargo capability_id:tool:cli_cargo exposure:callable kind:tool scope:builtin security_event:capability_exposure_resolved trust_class:builtin_trusted] msg=capability exposure resolved
workspace 2026/06/15 07:48:16.344201 [state_change] node= task= meta=map[capability:cli_stat capability_id:tool:cli_stat exposure:callable kind:tool scope:builtin security_event:capability_exposure_resolved trust_class:builtin_trusted] msg=capability exposure resolved
workspace 2026/06/15 07:48:16.344225 [state_change] node= task= meta=map[capability:cli_tree capability_id:tool:cli_tree exposure:callable kind:tool scope:builtin security_event:capability_exposure_resolved trust_class:builtin_trusted] msg=capability exposure resolved
workspace 2026/06/15 07:48:16.344243 [state_change] node= task= meta=map[capability:git_blame capability_id:tool:git_blame exposure:callable kind:tool scope:builtin security_event:capability_exposure_resolved trust_class:builtin_trusted] msg=capability exposure resolved
workspace 2026/06/15 07:48:16.344258 [state_change] node= task= meta=map[capability:lsp_get_hover capability_id:tool:lsp_get_hover exposure:callable kind:tool scope:builtin security_event:capability_exposure_resolved trust_class:builtin_trusted] msg=capability exposure resolved
workspace 2026/06/15 07:48:16.344274 [state_change] node= task= meta=map[capability:cli_wget capability_id:tool:cli_wget exposure:callable kind:tool scope:builtin security_event:capability_exposure_resolved trust_class:builtin_trusted] msg=capability exposure resolved
workspace 2026/06/15 07:48:16.346404 workspace: prompt registry loaded: 26 prompts
workspace 2026/06/15 07:48:16.346438 workspace: workspace opened successfully
workspace 2026/06/15 07:48:16.346451 warning: event log not available from workspace
workspace 2026/06/15 07:48:16.346456 [state_change] node= task= meta=map[provider:offline] msg=backend_selected
workspace 2026/06/15 07:48:16.346510 [state_change] node= task= meta=map[capability:cli_patch capability_id:tool:cli_patch exposure:callable kind:tool scope:builtin security_event:capability_exposure_resolved trust_class:builtin_trusted] msg=capability exposure resolved
workspace 2026/06/15 07:48:16.346528 [state_change] node= task= meta=map[capability:cli_awk capability_id:tool:cli_awk exposure:callable kind:tool scope:builtin security_event:capability_exposure_resolved trust_class:builtin_trusted] msg=capability exposure resolved
workspace 2026/06/15 07:48:16.346543 [state_change] node= task= meta=map[capability:cli_comm capability_id:tool:cli_comm exposure:callable kind:tool scope:builtin security_event:capability_exposure_resolved trust_class:builtin_trusted] msg=capability exposure resolved
workspace 2026/06/15 07:48:16.346561 [state_change] node= task= meta=map[capability:lsp_get_references capability_id:tool:lsp_get_references exposure:callable kind:tool scope:builtin security_event:capability_exposure_resolved trust_class:builtin_trusted] msg=capability exposure resolved
workspace 2026/06/15 07:48:16.346575 [state_change] node= task= meta=map[capability:cli_go capability_id:tool:cli_go exposure:callable kind:tool scope:builtin security_event:capability_exposure_resolved trust_class:builtin_trusted] msg=capability exposure resolved
workspace 2026/06/15 07:48:16.346590 [state_change] node= task= meta=map[capability:cli_objdump capability_id:tool:cli_objdump exposure:callable kind:tool scope:builtin security_event:capability_exposure_resolved trust_class:builtin_trusted] msg=capability exposure resolved
workspace 2026/06/15 07:48:16.346607 [state_change] node= task= meta=map[capability:cli_node capability_id:tool:cli_node exposure:callable kind:tool scope:builtin security_event:capability_exposure_resolved trust_class:builtin_trusted] msg=capability exposure resolved
workspace 2026/06/15 07:48:16.346621 [state_change] node= task= meta=map[capability:cli_systemctl capability_id:tool:cli_systemctl exposure:callable kind:tool scope:builtin security_event:capability_exposure_resolved trust_class:builtin_trusted] msg=capability exposure resolved
workspace 2026/06/15 07:48:16.346642 [state_change] node= task= meta=map[capability:git_branch capability_id:tool:git_branch exposure:callable kind:tool scope:builtin security_event:capability_exposure_resolved trust_class:builtin_trusted] msg=capability exposure resolved
workspace 2026/06/15 07:48:16.346669 [state_change] node= task= meta=map[capability:file_search capability_id:tool:file_search exposure:callable kind:tool scope:builtin security_event:capability_exposure_resolved trust_class:builtin_trusted] msg=capability exposure resolved
workspace 2026/06/15 07:48:16.346687 [state_change] node= task= meta=map[capability:bash capability_id:tool:bash exposure:callable kind:tool scope:builtin security_event:capability_exposure_resolved trust_class:builtin_trusted] msg=capability exposure resolved
workspace 2026/06/15 07:48:16.346704 [state_change] node= task= meta=map[capability:cli_tar capability_id:tool:cli_tar exposure:callable kind:tool scope:builtin security_event:capability_exposure_resolved trust_class:builtin_trusted] msg=capability exposure resolved
workspace 2026/06/15 07:48:16.346718 [state_change] node= task= meta=map[capability:cli_rustfmt capability_id:tool:cli_rustfmt exposure:callable kind:tool scope:builtin security_event:capability_exposure_resolved trust_class:builtin_trusted] msg=capability exposure resolved
workspace 2026/06/15 07:48:16.346742 [state_change] node= task= meta=map[capability:search_grep capability_id:tool:search_grep exposure:callable kind:tool scope:builtin security_event:capability_exposure_resolved trust_class:builtin_trusted] msg=capability exposure resolved
workspace 2026/06/15 07:48:16.346757 [state_change] node= task= meta=map[capability:git_history capability_id:tool:git_history exposure:callable kind:tool scope:builtin security_event:capability_exposure_resolved trust_class:builtin_trusted] msg=capability exposure resolved
workspace 2026/06/15 07:48:16.346770 [state_change] node= task= meta=map[capability:cli_gdb capability_id:tool:cli_gdb exposure:callable kind:tool scope:builtin security_event:capability_exposure_resolved trust_class:builtin_trusted] msg=capability exposure resolved
workspace 2026/06/15 07:48:16.346791 [state_change] node= task= meta=map[capability:cli_ping capability_id:tool:cli_ping exposure:callable kind:tool scope:builtin security_event:capability_exposure_resolved trust_class:builtin_trusted] msg=capability exposure resolved
workspace 2026/06/15 07:48:16.346836 [state_change] node= task= meta=map[capability:file_read capability_id:tool:file_read exposure:callable kind:tool scope:builtin security_event:capability_exposure_resolved trust_class:builtin_trusted] msg=capability exposure resolved
workspace 2026/06/15 07:48:16.346853 [state_change] node= task= meta=map[capability:cli_nc capability_id:tool:cli_nc exposure:callable kind:tool scope:builtin security_event:capability_exposure_resolved trust_class:builtin_trusted] msg=capability exposure resolved
workspace 2026/06/15 07:48:16.346872 [state_change] node= task= meta=map[capability:cli_ldd capability_id:tool:cli_ldd exposure:callable kind:tool scope:builtin security_event:capability_exposure_resolved trust_class:builtin_trusted] msg=capability exposure resolved
workspace 2026/06/15 07:48:16.346884 [state_change] node= task= meta=map[capability:cli_uptime capability_id:tool:cli_uptime exposure:callable kind:tool scope:builtin security_event:capability_exposure_resolved trust_class:builtin_trusted] msg=capability exposure resolved
workspace 2026/06/15 07:48:16.346895 [state_change] node= task= meta=map[capability:cli_hexdump capability_id:tool:cli_hexdump exposure:callable kind:tool scope:builtin security_event:capability_exposure_resolved trust_class:builtin_trusted] msg=capability exposure resolved
workspace 2026/06/15 07:48:16.346914 [state_change] node= task= meta=map[capability:cli_find capability_id:tool:cli_find exposure:callable kind:tool scope:builtin security_event:capability_exposure_resolved trust_class:builtin_trusted] msg=capability exposure resolved
workspace 2026/06/15 07:48:16.346925 [state_change] node= task= meta=map[capability:cli_tr capability_id:tool:cli_tr exposure:callable kind:tool scope:builtin security_event:capability_exposure_resolved trust_class:builtin_trusted] msg=capability exposure resolved
workspace 2026/06/15 07:48:16.346937 [state_change] node= task= meta=map[capability:lsp_search_symbols capability_id:tool:lsp_search_symbols exposure:callable kind:tool scope:builtin security_event:capability_exposure_resolved trust_class:builtin_trusted] msg=capability exposure resolved
workspace 2026/06/15 07:48:16.346953 [state_change] node= task= meta=map[capability:cli_colordiff capability_id:tool:cli_colordiff exposure:callable kind:tool scope:builtin security_event:capability_exposure_resolved trust_class:builtin_trusted] msg=capability exposure resolved
workspace 2026/06/15 07:48:16.346968 [state_change] node= task= meta=map[capability:cli_gzip capability_id:tool:cli_gzip exposure:callable kind:tool scope:builtin security_event:capability_exposure_resolved trust_class:builtin_trusted] msg=capability exposure resolved
workspace 2026/06/15 07:48:16.346979 [state_change] node= task= meta=map[capability:cli_rev capability_id:tool:cli_rev exposure:callable kind:tool scope:builtin security_event:capability_exposure_resolved trust_class:builtin_trusted] msg=capability exposure resolved
workspace 2026/06/15 07:48:16.346990 [state_change] node= task= meta=map[capability:cli_fd capability_id:tool:cli_fd exposure:callable kind:tool scope:builtin security_event:capability_exposure_resolved trust_class:builtin_trusted] msg=capability exposure resolved
workspace 2026/06/15 07:48:16.347001 [state_change] node= task= meta=map[capability:cli_uniq capability_id:tool:cli_uniq exposure:callable kind:tool scope:builtin security_event:capability_exposure_resolved trust_class:builtin_trusted] msg=capability exposure resolved
workspace 2026/06/15 07:48:16.347013 [state_change] node= task= meta=map[capability:cli_diff capability_id:tool:cli_diff exposure:callable kind:tool scope:builtin security_event:capability_exposure_resolved trust_class:builtin_trusted] msg=capability exposure resolved
workspace 2026/06/15 07:48:16.347032 [state_change] node= task= meta=map[capability:cli_column capability_id:tool:cli_column exposure:callable kind:tool scope:builtin security_event:capability_exposure_resolved trust_class:builtin_trusted] msg=capability exposure resolved
workspace 2026/06/15 07:48:16.347043 [state_change] node= task= meta=map[capability:cli_sort capability_id:tool:cli_sort exposure:callable kind:tool scope:builtin security_event:capability_exposure_resolved trust_class:builtin_trusted] msg=capability exposure resolved
workspace 2026/06/15 07:48:16.347054 [state_change] node= task= meta=map[capability:cli_nslookup capability_id:tool:cli_nslookup exposure:callable kind:tool scope:builtin security_event:capability_exposure_resolved trust_class:builtin_trusted] msg=capability exposure resolved
workspace 2026/06/15 07:48:16.347065 [state_change] node= task= meta=map[capability:cli_ps capability_id:tool:cli_ps exposure:callable kind:tool scope:builtin security_event:capability_exposure_resolved trust_class:builtin_trusted] msg=capability exposure resolved
workspace 2026/06/15 07:48:16.347079 [state_change] node= task= meta=map[capability:cli_ip capability_id:tool:cli_ip exposure:callable kind:tool scope:builtin security_event:capability_exposure_resolved trust_class:builtin_trusted] msg=capability exposure resolved
workspace 2026/06/15 07:48:16.347090 [state_change] node= task= meta=map[capability:cli_sed capability_id:tool:cli_sed exposure:callable kind:tool scope:builtin security_event:capability_exposure_resolved trust_class:builtin_trusted] msg=capability exposure resolved
workspace 2026/06/15 07:48:16.347101 [state_change] node= task= meta=map[capability:file_delete capability_id:tool:file_delete exposure:callable kind:tool scope:builtin security_event:capability_exposure_resolved trust_class:builtin_trusted] msg=capability exposure resolved
workspace 2026/06/15 07:48:16.347113 [state_change] node= task= meta=map[capability:cli_yq capability_id:tool:cli_yq exposure:callable kind:tool scope:builtin security_event:capability_exposure_resolved trust_class:builtin_trusted] msg=capability exposure resolved
workspace 2026/06/15 07:48:16.347123 [state_change] node= task= meta=map[capability:cli_ed capability_id:tool:cli_ed exposure:callable kind:tool scope:builtin security_event:capability_exposure_resolved trust_class:builtin_trusted] msg=capability exposure resolved
workspace 2026/06/15 07:48:16.347142 [state_change] node= task= meta=map[capability:file_list capability_id:tool:file_list exposure:callable kind:tool scope:builtin security_event:capability_exposure_resolved trust_class:builtin_trusted] msg=capability exposure resolved
workspace 2026/06/15 07:48:16.347153 [state_change] node= task= meta=map[capability:cli_xz capability_id:tool:cli_xz exposure:callable kind:tool scope:builtin security_event:capability_exposure_resolved trust_class:builtin_trusted] msg=capability exposure resolved
workspace 2026/06/15 07:48:16.347169 [state_change] node= task= meta=map[capability:cli_lsblk capability_id:tool:cli_lsblk exposure:callable kind:tool scope:builtin security_event:capability_exposure_resolved trust_class:builtin_trusted] msg=capability exposure resolved
workspace 2026/06/15 07:48:16.347179 [state_change] node= task= meta=map[capability:cli_echo capability_id:tool:cli_echo exposure:callable kind:tool scope:builtin security_event:capability_exposure_resolved trust_class:builtin_trusted] msg=capability exposure resolved
workspace 2026/06/15 07:48:16.347190 [state_change] node= task= meta=map[capability:search_semantic capability_id:tool:search_semantic exposure:callable kind:tool scope:builtin security_event:capability_exposure_resolved trust_class:builtin-trusted] msg=capability exposure resolved
workspace 2026/06/15 07:48:16.347203 [state_change] node= task= meta=map[capability:cli_xxd capability_id:tool:cli_xxd exposure:callable kind:tool scope:builtin security_event:capability_exposure_resolved trust_class:builtin_trusted] msg=capability exposure resolved
workspace 2026/06/15 07:48:16.347214 [state_change] node= task= meta=map[capability:lsp_format capability_id:tool:lsp_format exposure:callable kind:tool scope:builtin security_event:capability_exposure_resolved trust_class:builtin_trusted] msg=capability exposure resolved
workspace 2026/06/15 07:48:16.347224 [state_change] node= task= meta=map[capability:cli_ag capability_id:tool:cli_ag exposure:callable kind:tool scope:builtin security_event:capability_exposure_resolved trust_class:builtin_trusted] msg=capability exposure resolved
workspace 2026/06/15 07:48:16.347239 [state_change] node= task= meta=map[capability:cli_time capability_id:tool:cli_time exposure:callable kind:tool scope:builtin security_event:capability_exposure_resolved trust_class:builtin_trusted] msg=capability exposure resolved
workspace 2026/06/15 07:48:16.347252 [state_change] node= task= meta=map[capability:lsp_get_diagnostics capability_id:tool:lsp_get_diagnostics exposure:callable kind:tool scope:builtin security_event:capability_exposure_resolved trust_class:builtin_trusted] msg=capability exposure resolved
workspace 2026/06/15 07:48:16.347263 [state_change] node= task= meta=map[capability:cli_crontab capability_id:tool:cli_crontab exposure:callable kind:tool scope:builtin security_event:capability_exposure_resolved trust_class:builtin_trusted] msg=capability exposure resolved
workspace 2026/06/15 07:48:16.347274 [state_change] node= task= meta=map[capability:cli_cmake capability_id:tool:cli_cmake exposure:callable kind:tool scope:builtin security_event:capability_exposure_resolved trust_class:builtin_trusted] msg=capability exposure resolved
workspace 2026/06/15 07:48:16.347284 [state_change] node= task= meta=map[capability:git_diff capability_id:tool:git_diff exposure:callable kind:tool scope:builtin security_event:capability_exposure_resolved trust_class:builtin_trusted] msg=capability exposure resolved
workspace 2026/06/15 07:48:16.347312 [state_change] node= task= meta=map[capability:cli_at capability_id:tool:cli_at exposure:callable kind:tool scope:builtin security_event:capability_exposure_resolved trust_class:builtin_trusted] msg=capability exposure resolved
workspace 2026/06/15 07:48:16.347324 [state_change] node= task= meta=map[capability:go_test capability_id:tool:go_test exposure:callable kind:tool scope:builtin security_event:capability_exposure_resolved trust_class:builtin_trusted] msg=capability exposure resolved
workspace 2026/06/15 07:48:16.347338 [state_change] node= task= meta=map[capability:cli_cut capability_id:tool:cli_cut exposure:callable kind:tool scope:builtin security_event:capability_exposure_resolved trust_class:builtin_trusted] msg=capability exposure resolved
workspace 2026/06/15 07:48:16.347350 [state_change] node= task= meta=map[capability:cli_du capability_id:tool:cli_du exposure:callable kind:tool scope:builtin security_event:capability_exposure_resolved trust_class:builtin_trusted] msg=capability exposure resolved
workspace 2026/06/15 07:48:16.347360 [state_change] node= task= meta=map[capability:cli_top capability_id:tool:cli_top exposure:callable kind:tool scope:builtin security_event:capability_exposure_resolved trust_class:builtin_trusted] msg=capability exposure resolved
workspace 2026/06/15 07:48:16.347371 [state_change] node= task= meta=map[capability:git_commit capability_id:tool:git_commit exposure:callable kind:tool scope:builtin security_event:capability_exposure_resolved trust_class:builtin_trusted] msg=capability exposure resolved
workspace 2026/06/15 07:48:16.347381 [state_change] node= task= meta=map[capability:cli_make capability_id:tool:cli_make exposure:callable kind:tool scope:builtin security_event:capability_exposure_resolved trust_class:builtin_trusted] msg=capability exposure resolved
workspace 2026/06/15 07:48:16.347392 [state_change] node= task= meta=map[capability:cli_locate capability_id:tool:cli_locate exposure:callable kind:tool scope:builtin security_event:capability_exposure_resolved trust_class:builtin_trusted] msg=capability exposure resolved
workspace 2026/06/15 07:48:16.347406 [state_change] node= task= meta=map[capability:cli_python capability_id:tool:cli_python exposure:callable kind:tool scope:builtin security_event:capability_exposure_resolved trust_class:builtin_trusted] msg=capability exposure resolved
workspace 2026/06/15 07:48:16.347417 [state_change] node= task= meta=map[capability:query_ast capability_id:tool:query_ast exposure:callable kind:tool scope:builtin security_event:capability_exposure_resolved trust_class:builtin-trusted] msg=capability exposure resolved
workspace 2026/06/15 07:48:16.347428 [state_change] node= task= meta=map[capability:cli_jq capability_id:tool:cli_jq exposure:callable kind:tool scope:builtin security_event:capability_exposure_resolved trust_class:builtin_trusted] msg=capability exposure resolved
workspace 2026/06/15 07:48:16.347445 [state_change] node= task= meta=map[capability:cli_npm capability_id:tool:cli_npm exposure:callable kind:tool scope:builtin security_event:capability_exposure_resolved trust_class:builtin_trusted] msg=capability exposure resolved
workspace 2026/06/15 07:48:16.347456 [state_change] node= task= meta=map[capability:file_create capability_id:tool:file_create exposure:callable kind:tool scope:builtin security_event:capability_exposure_resolved trust_class:builtin_trusted] msg=capability exposure resolved
workspace 2026/06/15 07:48:16.347466 [state_change] node= task= meta=map[capability:cli_htop capability_id:tool:cli_htop exposure:callable kind:tool scope:builtin security_event:capability_exposure_resolved trust_class:builtin_trusted] msg=capability exposure resolved
workspace 2026/06/15 07:48:16.347482 [state_change] node= task= meta=map[capability:cli_ex capability_id:tool:cli_ex exposure:callable kind:tool scope:builtin security_event:capability_exposure_resolved trust_class:builtin_trusted] msg=capability exposure resolved
workspace 2026/06/15 07:48:16.347493 [state_change] node= task= meta=map[capability:cli_pkg_config capability_id:tool:cli_pkg_config exposure:callable kind:tool scope:builtin security_event:capability_exposure_resolved trust_class:builtin_trusted] msg=capability exposure resolved
workspace 2026/06/15 07:48:16.347503 [state_change] node= task= meta=map[capability:cli_paste capability_id:tool:cli_paste exposure:callable kind:tool scope:builtin security_event:capability_exposure_resolved trust_class:builtin_trusted] msg=capability exposure resolved
workspace 2026/06/15 07:48:16.347518 [state_change] node= task= meta=map[capability:lsp_get_definition capability_id:tool:lsp_get_definition exposure:callable kind:tool scope:builtin security_event:capability_exposure_resolved trust_class:builtin_trusted] msg=capability exposure resolved
workspace 2026/06/15 07:48:16.347528 [state_change] node= task= meta=map[capability:cli_git capability_id:tool:cli_git exposure:callable kind:tool scope:builtin security_event:capability_exposure_resolved trust_class:builtin_trusted] msg=capability exposure resolved
workspace 2026/06/15 07:48:16.347539 [state_change] node= task= meta=map[capability:cli_df capability_id:tool:cli_df exposure:callable kind:tool scope:builtin security_event:capability_exposure_resolved trust_class:builtin_trusted] msg=capability exposure resolved
workspace 2026/06/15 07:48:16.347551 [state_change] node= task= meta=map[capability:cli_bzip2 capability_id:tool:cli_bzip2 exposure:callable kind:tool scope:builtin security_event:capability_exposure_resolved trust_class:builtin_trusted] msg=capability exposure resolved
workspace 2026/06/15 07:48:16.347565 [state_change] node= task= meta=map[capability:lsp_document_symbols capability_id:tool:lsp_document_symbols exposure:callable kind:tool scope:builtin security_event:capability_exposure_resolved trust_class:builtin_trusted] msg=capability exposure resolved
workspace 2026/06/15 07:48:16.347581 [state_change] node= task= meta=map[capability:cli_rg capability_id:tool:cli_rg exposure:callable kind:tool scope:builtin security_event:capability_exposure_resolved trust_class:builtin_trusted] msg=capability exposure resolved
workspace 2026/06/15 07:48:16.347596 [state_change] node= task= meta=map[capability:cli_dig capability_id:tool:cli_dig exposure:callable kind:tool scope:builtin security_event:capability_exposure_resolved trust_class:builtin_trusted] msg=capability exposure resolved
workspace 2026/06/15 07:48:16.347606 [state_change] node= task= meta=map[capability:cli_mkdir capability_id:tool:cli_mkdir exposure:callable kind:tool scope:builtin security_event:capability_exposure_resolved trust_class:builtin_trusted] msg=capability exposure resolved
workspace 2026/06/15 07:48:16.347617 [state_change] node= task= meta=map[capability:cli_perl capability_id:tool:cli_perl exposure:callable kind:tool scope:builtin security_event:capability_exposure_resolved trust_class:builtin_trusted] msg=capability exposure resolved
workspace 2026/06/15 07:48:16.347627 [state_change] node= task= meta=map[capability:search_find_similar capability_id:tool:search_find_similar exposure:callable kind:tool scope:builtin security_event:capability_exposure_resolved trust_class:builtin-trusted] msg=capability exposure resolved
workspace 2026/06/15 07:48:16.347641 [state_change] node= task= meta=map[capability:cli_touch capability_id:tool:cli_touch exposure:callable kind:tool scope:builtin security_event:capability_exposure_resolved trust_class:builtin_trusted] msg=capability exposure resolved
workspace 2026/06/15 07:48:16.347652 [state_change] node= task= meta=map[capability:file_write capability_id:tool:file_write exposure:callable kind:tool scope:builtin security_event:capability_exposure_resolved trust_class:builtin_trusted] msg=capability exposure resolved
workspace 2026/06/15 07:48:16.347663 [state_change] node= task= meta=map[capability:cli_file capability_id:tool:cli_file exposure:callable kind:tool scope:builtin security_event:capability_exposure_resolved trust_class:builtin_trusted] msg=capability exposure resolved
workspace 2026/06/15 07:48:16.347674 [state_change] node= task= meta=map[capability:cli_ss capability_id:tool:cli_ss exposure:callable kind:tool scope:builtin security_event:capability_exposure_resolved trust_class:builtin_trusted] msg=capability exposure resolved
workspace 2026/06/15 07:48:16.347684 [state_change] node= task= meta=map[capability:cli_lsof capability_id:tool:cli_lsof exposure:callable kind:tool scope:builtin security_event:capability_exposure_resolved trust_class:builtin_trusted] msg=capability exposure resolved
workspace 2026/06/15 07:48:16.347698 [state_change] node= task= meta=map[capability:cli_wc capability_id:tool:cli_wc exposure:callable kind:tool scope:builtin security_event:capability_exposure_resolved trust_class:builtin_trusted] msg=capability exposure resolved
workspace 2026/06/15 07:48:16.347711 [state_change] node= task= meta=map[capability:cli_perf capability_id:tool:cli_perf exposure:callable kind:tool scope:builtin security_event:capability_exposure_resolved trust_class:builtin_trusted] msg=capability exposure resolved
workspace 2026/06/15 07:48:16.347729 [state_change] node= task= meta=map[capability:cli_valgrind capability_id:tool:cli_valgrind exposure:callable kind:tool scope:builtin security_event:capability_exposure_resolved trust_class:builtin_trusted] msg=capability exposure resolved
workspace 2026/06/15 07:48:16.347741 [state_change] node= task= meta=map[capability:pipe_fd_rg capability_id:tool:pipe_fd_rg exposure:callable kind:tool scope:builtin security_event:capability_exposure_resolved trust_class:builtin_trusted] msg=capability exposure resolved
workspace 2026/06/15 07:48:16.347752 [state_change] node= task= meta=map[capability:cli_cargo capability_id:tool:cli_cargo exposure:callable kind:tool scope:builtin security_event:capability_exposure_resolved trust_class:builtin_trusted] msg=capability exposure resolved
workspace 2026/06/15 07:48:16.347762 [state_change] node= task= meta=map[capability:cli_stat capability_id:tool:cli_stat exposure:callable kind:tool scope:builtin security_event:capability_exposure_resolved trust_class:builtin_trusted] msg=capability exposure resolved
workspace 2026/06/15 07:48:16.347773 [state_change] node= task= meta=map[capability:cli_tree capability_id:tool:cli_tree exposure:callable kind:tool scope:builtin security_event:capability_exposure_resolved trust_class:builtin_trusted] msg=capability exposure resolved
workspace 2026/06/15 07:48:16.347783 [state_change] node= task= meta=map[capability:git_blame capability_id:tool:git_blame exposure:callable kind:tool scope:builtin security_event:capability_exposure_resolved trust_class:builtin_trusted] msg=capability exposure resolved
workspace 2026/06/15 07:48:16.347802 [state_change] node= task= meta=map[capability:lsp_get_hover capability_id:tool:lsp_get_hover exposure:callable kind:tool scope:builtin security_event:capability_exposure_resolved trust_class:builtin_trusted] msg=capability exposure resolved
workspace 2026/06/15 07:48:16.347819 [state_change] node= task= meta=map[capability:cli_wget capability_id:tool:cli_wget exposure:callable kind:tool scope:builtin security_event:capability_exposure_resolved trust_class:builtin_trusted] msg=capability exposure resolved
workspace 2026/06/15 07:48:16.347830 [state_change] node= task= meta=map[capability:cli_strace capability_id:tool:cli_strace exposure:callable kind:tool scope:builtin security_event:capability_exposure_resolved trust_class:builtin_trusted] msg=capability exposure resolved
workspace 2026/06/15 07:48:16.347840 [state_change] node= task= meta=map[capability:cli_curl capability_id:tool:cli_curl exposure:callable kind:tool scope:builtin security_event:capability_exposure_resolved trust_class:builtin_trusted] msg=capability exposure resolved
2026/06/15 07:48:16 relurpish panic recovered: runtime error: invalid memory address or nil pointer dereference
workspace 2026/06/15 07:52:47.686567 [state_change] node= task= meta=map[capability:cli_time capability_id:tool:cli_time exposure:callable kind:tool scope:builtin security_event:capability_exposure_resolved trust_class:builtin_trusted] msg=capability exposure resolved
workspace 2026/06/15 07:52:47.686628 [state_change] node= task= meta=map[capability:lsp_format capability_id:tool:lsp_format exposure:callable kind:tool scope:builtin security_event:capability_exposure_resolved trust_class:builtin_trusted] msg=capability exposure resolved
workspace 2026/06/15 07:52:47.686642 [state_change] node= task= meta=map[capability:cli_node capability_id:tool:cli_node exposure:callable kind:tool scope:builtin security_event:capability_exposure_resolved trust_class:builtin_trusted] msg=capability exposure resolved
workspace 2026/06/15 07:52:47.686664 [state_change] node= task= meta=map[capability:cli_touch capability_id:tool:cli_touch exposure:callable kind:tool scope:builtin security_event:capability_exposure_resolved trust_class:builtin_trusted] msg=capability exposure resolved
workspace 2026/06/15 07:52:47.686676 [state_change] node= task= meta=map[capability:lsp_get_hover capability_id:tool:lsp_get_hover exposure:callable kind:tool scope:builtin security_event:capability_exposure_resolved trust_class:builtin_trusted] msg=capability exposure resolved
workspace 2026/06/15 07:52:47.686687 [state_change] node= task= meta=map[capability:git_branch capability_id:tool:git_branch exposure:callable kind:tool scope:builtin security_event:capability_exposure_resolved trust_class:builtin_trusted] msg=capability exposure resolved
workspace 2026/06/15 07:52:47.686697 [state_change] node= task= meta=map[capability:cli_uptime capability_id:tool:cli_uptime exposure:callable kind:tool scope:builtin security_event:capability_exposure_resolved trust_class:builtin_trusted] msg=capability exposure resolved
workspace 2026/06/15 07:52:47.686707 [state_change] node= task= meta=map[capability:cli_systemctl capability_id:tool:cli_systemctl exposure:callable kind:tool scope:builtin security_event:capability_exposure_resolved trust_class:builtin_trusted] msg=capability exposure resolved
workspace 2026/06/15 07:52:47.686718 [state_change] node= task= meta=map[capability:lsp_search_symbols capability_id:tool:lsp_search_symbols exposure:callable kind:tool scope:builtin security_event:capability_exposure_resolved trust_class:builtin_trusted] msg=capability exposure resolved
workspace 2026/06/15 07:52:47.686728 [state_change] node= task= meta=map[capability:pipe_fd_rg capability_id:tool:pipe_fd_rg exposure:callable kind:tool scope:builtin security_event:capability_exposure_resolved trust_class:builtin_trusted] msg=capability exposure resolved
workspace 2026/06/15 07:52:47.686738 [state_change] node= task= meta=map[capability:cli_ed capability_id:tool:cli_ed exposure:callable kind:tool scope:builtin security_event:capability_exposure_resolved trust_class:builtin_trusted] msg=capability exposure resolved
workspace 2026/06/15 07:52:47.686749 [state_change] node= task= meta=map[capability:cli_nslookup capability_id:tool:cli_nslookup exposure:callable kind:tool scope:builtin security_event:capability_exposure_resolved trust_class:builtin_trusted] msg=capability exposure resolved
workspace 2026/06/15 07:52:47.686759 [state_change] node= task= meta=map[capability:cli_htop capability_id:tool:cli_htop exposure:callable kind:tool scope:builtin security_event:capability_exposure_resolved trust_class:builtin_trusted] msg=capability exposure resolved
workspace 2026/06/15 07:52:47.686770 [state_change] node= task= meta=map[capability:lsp_get_diagnostics capability_id:tool:lsp_get_diagnostics exposure:callable kind:tool scope:builtin security_event:capability_exposure_resolved trust_class:builtin_trusted] msg=capability exposure resolved
workspace 2026/06/15 07:52:47.686780 [state_change] node= task= meta=map[capability:file_create capability_id:tool:file_create exposure:callable kind:tool scope:builtin security_event:capability_exposure_resolved trust_class:builtin_trusted] msg=capability exposure resolved
workspace 2026/06/15 07:52:47.686798 [state_change] node= task= meta=map[capability:cli_diff capability_id:tool:cli_diff exposure:callable kind:tool scope:builtin security_event:capability_exposure_resolved trust_class:builtin_trusted] msg=capability exposure resolved
workspace 2026/06/15 07:52:47.686815 [state_change] node= task= meta=map[capability:cli_tr capability_id:tool:cli_tr exposure:callable kind:tool scope:builtin security_event:capability_exposure_resolved trust_class:builtin_trusted] msg=capability exposure resolved
workspace 2026/06/15 07:52:47.686825 [state_change] node= task= meta=map[capability:cli_tar capability_id:tool:cli_tar exposure:callable kind:tool scope:builtin security_event:capability_exposure_resolved trust_class:builtin_trusted] msg=capability exposure resolved
workspace 2026/06/15 07:52:47.686840 [state_change] node= task= meta=map[capability:cli_make capability_id:tool:cli_make exposure:callable kind:tool scope:builtin security_event:capability_exposure_resolved trust_class:builtin_trusted] msg=capability exposure resolved
workspace 2026/06/15 07:52:47.686850 [state_change] node= task= meta=map[capability:file_delete capability_id:tool:file_delete exposure:callable kind:tool scope:builtin security_event:capability_exposure_resolved trust_class:builtin_trusted] msg=capability exposure resolved
workspace 2026/06/15 07:52:47.686860 [state_change] node= task= meta=map[capability:search_semantic capability_id:tool:search_semantic exposure:callable kind:tool scope:builtin security_event:capability_exposure_resolved trust_class:builtin-trusted] msg=capability exposure resolved
workspace 2026/06/15 07:52:47.686871 [state_change] node= task= meta=map[capability:git_blame capability_id:tool:git_blame exposure:callable kind:tool scope:builtin security_event:capability_exposure_resolved trust_class:builtin_trusted] msg=capability exposure resolved
workspace 2026/06/15 07:52:47.686881 [state_change] node= task= meta=map[capability:search_find_similar capability_id:tool:search_find_similar exposure:callable kind:tool scope:builtin security_event:capability_exposure_resolved trust_class:builtin-trusted] msg=capability exposure resolved
workspace 2026/06/15 07:52:47.686892 [state_change] node= task= meta=map[capability:cli_bzip2 capability_id:tool:cli_bzip2 exposure:callable kind:tool scope:builtin security_event:capability_exposure_resolved trust_class:builtin_trusted] msg=capability exposure resolved
workspace 2026/06/15 07:52:47.686902 [state_change] node= task= meta=map[capability:cli_lsblk capability_id:tool:cli_lsblk exposure:callable kind:tool scope:builtin security_event:capability_exposure_resolved trust_class:builtin_trusted] msg=capability exposure resolved
workspace 2026/06/15 07:52:47.686912 [state_change] node= task= meta=map[capability:cli_rev capability_id:tool:cli_rev exposure:callable kind:tool scope:builtin security_event:capability_exposure_resolved trust_class:builtin_trusted] msg=capability exposure resolved
workspace 2026/06/15 07:52:47.686922 [state_change] node= task= meta=map[capability:cli_ping capability_id:tool:cli_ping exposure:callable kind:tool scope:builtin security_event:capability_exposure_resolved trust_class:builtin_trusted] msg=capability exposure resolved
workspace 2026/06/15 07:52:47.686933 [state_change] node= task= meta=map[capability:cli_column capability_id:tool:cli_column exposure:callable kind:tool scope:builtin security_event:capability_exposure_resolved trust_class:builtin_trusted] msg=capability exposure resolved
workspace 2026/06/15 07:52:47.686943 [state_change] node= task= meta=map[capability:cli_perl capability_id:tool:cli_perl exposure:callable kind:tool scope:builtin security_event:capability_exposure_resolved trust_class:builtin_trusted] msg=capability exposure resolved
workspace 2026/06/15 07:52:47.686957 [state_change] node= task= meta=map[capability:cli_gzip capability_id:tool:cli_gzip exposure:callable kind:tool scope:builtin security_event:capability_exposure_resolved trust_class:builtin_trusted] msg=capability exposure resolved
workspace 2026/06/15 07:52:47.686967 [state_change] node= task= meta=map[capability:git_commit capability_id:tool:git_commit exposure:callable kind:tool scope:builtin security_event:capability_exposure_resolved trust_class:builtin_trusted] msg=capability exposure resolved
workspace 2026/06/15 07:52:47.686977 [state_change] node= task= meta=map[capability:cli_locate capability_id:tool:cli_locate exposure:callable kind:tool scope:builtin security_event:capability_exposure_resolved trust_class:builtin_trusted] msg=capability exposure resolved
workspace 2026/06/15 07:52:47.686987 [state_change] node= task= meta=map[capability:cli_dig capability_id:tool:cli_dig exposure:callable kind:tool scope:builtin security_event:capability_exposure_resolved trust_class:builtin_trusted] msg=capability exposure resolved
workspace 2026/06/15 07:52:47.687004 [state_change] node= task= meta=map[capability:cli_ex capability_id:tool:cli_ex exposure:callable kind:tool scope:builtin security_event:capability_exposure_resolved trust_class:builtin_trusted] msg=capability exposure resolved
workspace 2026/06/15 07:52:47.687015 [state_change] node= task= meta=map[capability:file_list capability_id:tool:file_list exposure:callable kind:tool scope:builtin security_event:capability_exposure_resolved trust_class:builtin_trusted] msg=capability exposure resolved
workspace 2026/06/15 07:52:47.687026 [state_change] node= task= meta=map[capability:bash capability_id:tool:bash exposure:callable kind:tool scope:builtin security_event:capability_exposure_resolved trust_class:builtin_trusted] msg=capability exposure resolved
workspace 2026/06/15 07:52:47.687036 [state_change] node= task= meta=map[capability:cli_cut capability_id:tool:cli_cut exposure:callable kind:tool scope:builtin security_event:capability_exposure_resolved trust_class:builtin_trusted] msg=capability exposure resolved
workspace 2026/06/15 07:52:47.687046 [state_change] node= task= meta=map[capability:cli_sed capability_id:tool:cli_sed exposure:callable kind:tool scope:builtin security_event:capability_exposure_resolved trust_class:builtin_trusted] msg=capability exposure resolved
workspace 2026/06/15 07:52:47.687056 [state_change] node= task= meta=map[capability:cli_wc capability_id:tool:cli_wc exposure:callable kind:tool scope:builtin security_event:capability_exposure_resolved trust_class:builtin_trusted] msg=capability exposure resolved
workspace 2026/06/15 07:52:47.687066 [state_change] node= task= meta=map[capability:cli_df capability_id:tool:cli_df exposure:callable kind:tool scope:builtin security_event:capability_exposure_resolved trust_class:builtin_trusted] msg=capability exposure resolved
workspace 2026/06/15 07:52:47.687076 [state_change] node= task= meta=map[capability:cli_perf capability_id:tool:cli_perf exposure:callable kind:tool scope:builtin security_event:capability_exposure_resolved trust_class:builtin_trusted] msg=capability exposure resolved
workspace 2026/06/15 07:52:47.687086 [state_change] node= task= meta=map[capability:cli_colordiff capability_id:tool:cli_colordiff exposure:callable kind:tool scope:builtin security_event:capability_exposure_resolved trust_class:builtin_trusted] msg=capability exposure resolved
workspace 2026/06/15 07:52:47.687102 [state_change] node= task= meta=map[capability:cli_comm capability_id:tool:cli_comm exposure:callable kind:tool scope:builtin security_event:capability_exposure_resolved trust_class:builtin_trusted] msg=capability exposure resolved
workspace 2026/06/15 07:52:47.687113 [state_change] node= task= meta=map[capability:cli_paste capability_id:tool:cli_paste exposure:callable kind:tool scope:builtin security_event:capability_exposure_resolved trust_class:builtin_trusted] msg=capability exposure resolved
workspace 2026/06/15 07:52:47.687122 [state_change] node= task= meta=map[capability:lsp_document_symbols capability_id:tool:lsp_document_symbols exposure:callable kind:tool scope:builtin security_event:capability_exposure_resolved trust_class:builtin_trusted] msg=capability exposure resolved
workspace 2026/06/15 07:52:47.687132 [state_change] node= task= meta=map[capability:lsp_get_definition capability_id:tool:lsp_get_definition exposure:callable kind:tool scope:builtin security_event:capability_exposure_resolved trust_class:builtin_trusted] msg=capability exposure resolved
workspace 2026/06/15 07:52:47.687143 [state_change] node= task= meta=map[capability:cli_ag capability_id:tool:cli_ag exposure:callable kind:tool scope:builtin security_event:capability_exposure_resolved trust_class:builtin_trusted] msg=capability exposure resolved
workspace 2026/06/15 07:52:47.687153 [state_change] node= task= meta=map[capability:cli_fd capability_id:tool:cli_fd exposure:callable kind:tool scope:builtin security_event:capability_exposure_resolved trust_class:builtin_trusted] msg=capability exposure resolved
workspace 2026/06/15 07:52:47.687167 [state_change] node= task= meta=map[capability:cli_curl capability_id:tool:cli_curl exposure:callable kind:tool scope:builtin security_event:capability_exposure_resolved trust_class:builtin_trusted] msg=capability exposure resolved
workspace 2026/06/15 07:52:47.687177 [state_change] node= task= meta=map[capability:search_grep capability_id:tool:search_grep exposure:callable kind:tool scope:builtin security_event:capability_exposure_resolved trust_class:builtin_trusted] msg=capability exposure resolved
workspace 2026/06/15 07:52:47.687187 [state_change] node= task= meta=map[capability:cli_tree capability_id:tool:cli_tree exposure:callable kind:tool scope:builtin security_event:capability_exposure_resolved trust_class:builtin_trusted] msg=capability exposure resolved
workspace 2026/06/15 07:52:47.687197 [state_change] node= task= meta=map[capability:go_test capability_id:tool:go_test exposure:callable kind:tool scope:builtin security_event:capability_exposure_resolved trust_class:builtin_trusted] msg=capability exposure resolved
workspace 2026/06/15 07:52:47.687207 [state_change] node= task= meta=map[capability:lsp_get_references capability_id:tool:lsp_get_references exposure:callable kind:tool scope:builtin security_event:capability_exposure_resolved trust_class:builtin_trusted] msg=capability exposure resolved
workspace 2026/06/15 07:52:47.687217 [state_change] node= task= meta=map[capability:cli_patch capability_id:tool:cli_patch exposure:callable kind:tool scope:builtin security_event:capability_exposure_resolved trust_class:builtin_trusted] msg=capability exposure resolved
workspace 2026/06/15 07:52:47.687227 [state_change] node= task= meta=map[capability:cli_sort capability_id:tool:cli_sort exposure:callable kind:tool scope:builtin security_event:capability_exposure_resolved trust_class:builtin_trusted] msg=capability exposure resolved
workspace 2026/06/15 07:52:47.687241 [state_change] node= task= meta=map[capability:cli_lsof capability_id:tool:cli_lsof exposure:callable kind:tool scope:builtin security_event:capability_exposure_resolved trust_class:builtin_trusted] msg=capability exposure resolved
workspace 2026/06/15 07:52:47.687252 [state_change] node= task= meta=map[capability:cli_find capability_id:tool:cli_find exposure:callable kind:tool scope:builtin security_event:capability_exposure_resolved trust_class:builtin_trusted] msg=capability exposure resolved
workspace 2026/06/15 07:52:47.687262 [state_change] node= task= meta=map[capability:cli_crontab capability_id:tool:cli_crontab exposure:callable kind:tool scope:builtin security_event:capability_exposure_resolved trust_class:builtin_trusted] msg=capability exposure resolved
workspace 2026/06/15 07:52:47.687272 [state_change] node= task= meta=map[capability:cli_rustfmt capability_id:tool:cli_rustfmt exposure:callable kind:tool scope:builtin security_event:capability_exposure_resolved trust_class:builtin_trusted] msg=capability exposure resolved
workspace 2026/06/15 07:52:47.687281 [state_change] node= task= meta=map[capability:cli_ldd capability_id:tool:cli_ldd exposure:callable kind:tool scope:builtin security_event:capability_exposure_resolved trust_class:builtin_trusted] msg=capability exposure resolved
workspace 2026/06/15 07:52:47.687292 [state_change] node= task= meta=map[capability:cli_yq capability_id:tool:cli_yq exposure:callable kind:tool scope:builtin security_event:capability_exposure_resolved trust_class:builtin_trusted] msg=capability exposure resolved
workspace 2026/06/15 07:52:47.687301 [state_change] node= task= meta=map[capability:cli_xxd capability_id:tool:cli_xxd exposure:callable kind:tool scope:builtin security_event:capability_exposure_resolved trust_class:builtin_trusted] msg=capability exposure resolved
workspace 2026/06/15 07:52:47.687312 [state_change] node= task= meta=map[capability:cli_xz capability_id:tool:cli_xz exposure:callable kind:tool scope:builtin security_event:capability_exposure_resolved trust_class:builtin_trusted] msg=capability exposure resolved
workspace 2026/06/15 07:52:47.687325 [state_change] node= task= meta=map[capability:cli_ps capability_id:tool:cli_ps exposure:callable kind:tool scope:builtin security_event:capability_exposure_resolved trust_class:builtin_trusted] msg=capability exposure resolved
workspace 2026/06/15 07:52:47.687335 [state_change] node= task= meta=map[capability:cli_nc capability_id:tool:cli_nc exposure:callable kind:tool scope:builtin security_event:capability_exposure_resolved trust_class:builtin_trusted] msg=capability exposure resolved
workspace 2026/06/15 07:52:47.687345 [state_change] node= task= meta=map[capability:cli_at capability_id:tool:cli_at exposure:callable kind:tool scope:builtin security_event:capability_exposure_resolved trust_class:builtin_trusted] msg=capability exposure resolved
workspace 2026/06/15 07:52:47.687355 [state_change] node= task= meta=map[capability:cli_file capability_id:tool:cli_file exposure:callable kind:tool scope:builtin security_event:capability_exposure_resolved trust_class:builtin_trusted] msg=capability exposure resolved
workspace 2026/06/15 07:52:47.687365 [state_change] node= task= meta=map[capability:file_read capability_id:tool:file_read exposure:callable kind:tool scope:builtin security_event:capability_exposure_resolved trust_class:builtin_trusted] msg=capability exposure resolved
workspace 2026/06/15 07:52:47.687377 [state_change] node= task= meta=map[capability:file_write capability_id:tool:file_write exposure:callable kind:tool scope:builtin security_event:capability_exposure_resolved trust_class:builtin_trusted] msg=capability exposure resolved
workspace 2026/06/15 07:52:47.687390 [state_change] node= task= meta=map[capability:cli_du capability_id:tool:cli_du exposure:callable kind:tool scope:builtin security_event:capability_exposure_resolved trust_class:builtin_trusted] msg=capability exposure resolved
workspace 2026/06/15 07:52:47.687400 [state_change] node= task= meta=map[capability:cli_hexdump capability_id:tool:cli_hexdump exposure:callable kind:tool scope:builtin security_event:capability_exposure_resolved trust_class:builtin_trusted] msg=capability exposure resolved
workspace 2026/06/15 07:52:47.687410 [state_change] node= task= meta=map[capability:cli_objdump capability_id:tool:cli_objdump exposure:callable kind:tool scope:builtin security_event:capability_exposure_resolved trust_class:builtin_trusted] msg=capability exposure resolved
workspace 2026/06/15 07:52:47.687420 [state_change] node= task= meta=map[capability:query_ast capability_id:tool:query_ast exposure:callable kind:tool scope:builtin security_event:capability_exposure_resolved trust_class:builtin-trusted] msg=capability exposure resolved
workspace 2026/06/15 07:52:47.687430 [state_change] node= task= meta=map[capability:cli_stat capability_id:tool:cli_stat exposure:callable kind:tool scope:builtin security_event:capability_exposure_resolved trust_class:builtin_trusted] msg=capability exposure resolved
workspace 2026/06/15 07:52:47.687441 [state_change] node= task= meta=map[capability:cli_top capability_id:tool:cli_top exposure:callable kind:tool scope:builtin security_event:capability_exposure_resolved trust_class:builtin_trusted] msg=capability exposure resolved
workspace 2026/06/15 07:52:47.687451 [state_change] node= task= meta=map[capability:cli_mkdir capability_id:tool:cli_mkdir exposure:callable kind:tool scope:builtin security_event:capability_exposure_resolved trust_class:builtin_trusted] msg=capability exposure resolved
workspace 2026/06/15 07:52:47.687462 [state_change] node= task= meta=map[capability:cli_cargo capability_id:tool:cli_cargo exposure:callable kind:tool scope:builtin security_event:capability_exposure_resolved trust_class:builtin_trusted] msg=capability exposure resolved
workspace 2026/06/15 07:52:47.687472 [state_change] node= task= meta=map[capability:git_history capability_id:tool:git_history exposure:callable kind:tool scope:builtin security_event:capability_exposure_resolved trust_class:builtin_trusted] msg=capability exposure resolved
workspace 2026/06/15 07:52:47.687486 [state_change] node= task= meta=map[capability:cli_strace capability_id:tool:cli_strace exposure:callable kind:tool scope:builtin security_event:capability_exposure_resolved trust_class:builtin_trusted] msg=capability exposure resolved
workspace 2026/06/15 07:52:47.687495 [state_change] node= task= meta=map[capability:git_diff capability_id:tool:git_diff exposure:callable kind:tool scope:builtin security_event:capability_exposure_resolved trust_class:builtin_trusted] msg=capability exposure resolved
workspace 2026/06/15 07:52:47.687507 [state_change] node= task= meta=map[capability:file_search capability_id:tool:file_search exposure:callable kind:tool scope:builtin security_event:capability_exposure_resolved trust_class:builtin_trusted] msg=capability exposure resolved
workspace 2026/06/15 07:52:47.687520 [state_change] node= task= meta=map[capability:cli_go capability_id:tool:cli_go exposure:callable kind:tool scope:builtin security_event:capability_exposure_resolved trust_class:builtin_trusted] msg=capability exposure resolved
workspace 2026/06/15 07:52:47.687530 [state_change] node= task= meta=map[capability:cli_valgrind capability_id:tool:cli_valgrind exposure:callable kind:tool scope:builtin security_event:capability_exposure_resolved trust_class:builtin_trusted] msg=capability exposure resolved
workspace 2026/06/15 07:52:47.687540 [state_change] node= task= meta=map[capability:cli_cmake capability_id:tool:cli_cmake exposure:callable kind:tool scope:builtin security_event:capability_exposure_resolved trust_class:builtin_trusted] msg=capability exposure resolved
workspace 2026/06/15 07:52:47.687551 [state_change] node= task= meta=map[capability:cli_awk capability_id:tool:cli_awk exposure:callable kind:tool scope:builtin security_event:capability_exposure_resolved trust_class:builtin_trusted] msg=capability exposure resolved
workspace 2026/06/15 07:52:47.687561 [state_change] node= task= meta=map[capability:cli_echo capability_id:tool:cli_echo exposure:callable kind:tool scope:builtin security_event:capability_exposure_resolved trust_class:builtin_trusted] msg=capability exposure resolved
workspace 2026/06/15 07:52:47.687573 [state_change] node= task= meta=map[capability:cli_python capability_id:tool:cli_python exposure:callable kind:tool scope:builtin security_event:capability_exposure_resolved trust_class:builtin_trusted] msg=capability exposure resolved
workspace 2026/06/15 07:52:47.687583 [state_change] node= task= meta=map[capability:cli_uniq capability_id:tool:cli_uniq exposure:callable kind:tool scope:builtin security_event:capability_exposure_resolved trust_class:builtin_trusted] msg=capability exposure resolved
workspace 2026/06/15 07:52:47.687592 [state_change] node= task= meta=map[capability:cli_pkg_config capability_id:tool:cli_pkg_config exposure:callable kind:tool scope:builtin security_event:capability_exposure_resolved trust_class:builtin_trusted] msg=capability exposure resolved
workspace 2026/06/15 07:52:47.687604 [state_change] node= task= meta=map[capability:cli_ip capability_id:tool:cli_ip exposure:callable kind:tool scope:builtin security_event:capability_exposure_resolved trust_class:builtin_trusted] msg=capability exposure resolved
workspace 2026/06/15 07:52:47.687613 [state_change] node= task= meta=map[capability:cli_jq capability_id:tool:cli_jq exposure:callable kind:tool scope:builtin security_event:capability_exposure_resolved trust_class:builtin_trusted] msg=capability exposure resolved
workspace 2026/06/15 07:52:47.687623 [state_change] node= task= meta=map[capability:cli_ss capability_id:tool:cli_ss exposure:callable kind:tool scope:builtin security_event:capability_exposure_resolved trust_class:builtin_trusted] msg=capability exposure resolved
workspace 2026/06/15 07:52:47.687632 [state_change] node= task= meta=map[capability:cli_gdb capability_id:tool:cli_gdb exposure:callable kind:tool scope:builtin security_event:capability_exposure_resolved trust_class:builtin_trusted] msg=capability exposure resolved
workspace 2026/06/15 07:52:47.687644 [state_change] node= task= meta=map[capability:cli_npm capability_id:tool:cli_npm exposure:callable kind:tool scope:builtin security_event:capability_exposure_resolved trust_class:builtin_trusted] msg=capability exposure resolved
workspace 2026/06/15 07:52:47.687660 [state_change] node= task= meta=map[capability:cli_rg capability_id:tool:cli_rg exposure:callable kind:tool scope:builtin security_event:capability_exposure_resolved trust_class:builtin_trusted] msg=capability exposure resolved
workspace 2026/06/15 07:52:47.687670 [state_change] node= task= meta=map[capability:cli_wget capability_id:tool:cli_wget exposure:callable kind:tool scope:builtin security_event:capability_exposure_resolved trust_class:builtin_trusted] msg=capability exposure resolved
workspace 2026/06/15 07:52:47.687681 [state_change] node= task= meta=map[capability:cli_git capability_id:tool:cli_git exposure:callable kind:tool scope:builtin security_event:capability_exposure_resolved trust_class:builtin_trusted] msg=capability exposure resolved
workspace 2026/06/15 07:52:47.690303 workspace: prompt registry loaded: 26 prompts
workspace 2026/06/15 07:52:47.690330 workspace: workspace opened successfully
workspace 2026/06/15 07:52:47.690339 warning: event log not available from workspace
workspace 2026/06/15 07:52:47.690343 [state_change] node= task= meta=map[provider:offline] msg=backend_selected
workspace 2026/06/15 07:52:47.690388 [state_change] node= task= meta=map[capability:cli_sort capability_id:tool:cli_sort exposure:callable kind:tool scope:builtin security_event:capability_exposure_resolved trust_class:builtin_trusted] msg=capability exposure resolved
workspace 2026/06/15 07:52:47.690401 [state_change] node= task= meta=map[capability:cli_lsof capability_id:tool:cli_lsof exposure:callable kind:tool scope:builtin security_event:capability_exposure_resolved trust_class:builtin_trusted] msg=capability exposure resolved
workspace 2026/06/15 07:52:47.690411 [state_change] node= task= meta=map[capability:cli_find capability_id:tool:cli_find exposure:callable kind:tool scope:builtin security_event:capability_exposure_resolved trust_class:builtin_trusted] msg=capability exposure resolved
workspace 2026/06/15 07:52:47.690421 [state_change] node= task= meta=map[capability:cli_crontab capability_id:tool:cli_crontab exposure:callable kind:tool scope:builtin security_event:capability_exposure_resolved trust_class:builtin_trusted] msg=capability exposure resolved
workspace 2026/06/15 07:52:47.690430 [state_change] node= task= meta=map[capability:cli_rustfmt capability_id:tool:cli_rustfmt exposure:callable kind:tool scope:builtin security_event:capability_exposure_resolved trust_class:builtin_trusted] msg=capability exposure resolved
workspace 2026/06/15 07:52:47.690439 [state_change] node= task= meta=map[capability:cli_ldd capability_id:tool:cli_ldd exposure:callable kind:tool scope:builtin security_event:capability_exposure_resolved trust_class:builtin_trusted] msg=capability exposure resolved
workspace 2026/06/15 07:52:47.690448 [state_change] node= task= meta=map[capability:cli_yq capability_id:tool:cli_yq exposure:callable kind:tool scope:builtin security_event:capability_exposure_resolved trust_class:builtin_trusted] msg=capability exposure resolved
workspace 2026/06/15 07:52:47.690457 [state_change] node= task= meta=map[capability:cli_xxd capability_id:tool:cli_xxd exposure:callable kind:tool scope:builtin security_event:capability_exposure_resolved trust_class:builtin_trusted] msg=capability exposure resolved
workspace 2026/06/15 07:52:47.690466 [state_change] node= task= meta=map[capability:cli_xz capability_id:tool:cli_xz exposure:callable kind:tool scope:builtin security_event:capability_exposure_resolved trust_class:builtin_trusted] msg=capability exposure resolved
workspace 2026/06/15 07:52:47.690483 [state_change] node= task= meta=map[capability:cli_ps capability_id:tool:cli_ps exposure:callable kind:tool scope:builtin security_event:capability_exposure_resolved trust_class:builtin_trusted] msg=capability exposure resolved
workspace 2026/06/15 07:52:47.690499 [state_change] node= task= meta=map[capability:cli_nc capability_id:tool:cli_nc exposure:callable kind:tool scope:builtin security_event:capability_exposure_resolved trust_class:builtin_trusted] msg=capability exposure resolved
workspace 2026/06/15 07:52:47.690508 [state_change] node= task= meta=map[capability:cli_at capability_id:tool:cli_at exposure:callable kind:tool scope:builtin security_event:capability_exposure_resolved trust_class:builtin_trusted] msg=capability exposure resolved
workspace 2026/06/15 07:52:47.690517 [state_change] node= task= meta=map[capability:cli_file capability_id:tool:cli_file exposure:callable kind:tool scope:builtin security_event:capability_exposure_resolved trust_class:builtin_trusted] msg=capability exposure resolved
workspace 2026/06/15 07:52:47.690530 [state_change] node= task= meta=map[capability:file_read capability_id:tool:file_read exposure:callable kind:tool scope:builtin security_event:capability_exposure_resolved trust_class:builtin_trusted] msg=capability exposure resolved
workspace 2026/06/15 07:52:47.690539 [state_change] node= task= meta=map[capability:file_write capability_id:tool:file_write exposure:callable kind:tool scope:builtin security_event:capability_exposure_resolved trust_class:builtin_trusted] msg=capability exposure resolved
workspace 2026/06/15 07:52:47.690548 [state_change] node= task= meta=map[capability:cli_du capability_id:tool:cli_du exposure:callable kind:tool scope:builtin security_event:capability_exposure_resolved trust_class:builtin_trusted] msg=capability exposure resolved
workspace 2026/06/15 07:52:47.690556 [state_change] node= task= meta=map[capability:cli_hexdump capability_id:tool:cli_hexdump exposure:callable kind:tool scope:builtin security_event:capability_exposure_resolved trust_class:builtin_trusted] msg=capability exposure resolved
workspace 2026/06/15 07:52:47.690565 [state_change] node= task= meta=map[capability:cli_objdump capability_id:tool:cli_objdump exposure:callable kind:tool scope:builtin security_event:capability_exposure_resolved trust_class:builtin_trusted] msg=capability exposure resolved
workspace 2026/06/15 07:52:47.690574 [state_change] node= task= meta=map[capability:query_ast capability_id:tool:query_ast exposure:callable kind:tool scope:builtin security_event:capability_exposure_resolved trust_class:builtin-trusted] msg=capability exposure resolved
workspace 2026/06/15 07:52:47.690583 [state_change] node= task= meta=map[capability:cli_stat capability_id:tool:cli_stat exposure:callable kind:tool scope:builtin security_event:capability_exposure_resolved trust_class:builtin_trusted] msg=capability exposure resolved
workspace 2026/06/15 07:52:47.690591 [state_change] node= task= meta=map[capability:cli_top capability_id:tool:cli_top exposure:callable kind:tool scope:builtin security_event:capability_exposure_resolved trust_class:builtin_trusted] msg=capability exposure resolved
workspace 2026/06/15 07:52:47.690603 [state_change] node= task= meta=map[capability:cli_mkdir capability_id:tool:cli_mkdir exposure:callable kind:tool scope:builtin security_event:capability_exposure_resolved trust_class:builtin_trusted] msg=capability exposure resolved
workspace 2026/06/15 07:52:47.690617 [state_change] node= task= meta=map[capability:cli_cargo capability_id:tool:cli_cargo exposure:callable kind:tool scope:builtin security_event:capability_exposure_resolved trust_class:builtin_trusted] msg=capability exposure resolved
workspace 2026/06/15 07:52:47.690626 [state_change] node= task= meta=map[capability:git_history capability_id:tool:git_history exposure:callable kind:tool scope:builtin security_event:capability_exposure_resolved trust_class:builtin_trusted] msg=capability exposure resolved
workspace 2026/06/15 07:52:47.690635 [state_change] node= task= meta=map[capability:cli_strace capability_id:tool:cli_strace exposure:callable kind:tool scope:builtin security_event:capability_exposure_resolved trust_class:builtin_trusted] msg=capability exposure resolved
workspace 2026/06/15 07:52:47.690644 [state_change] node= task= meta=map[capability:git_diff capability_id:tool:git_diff exposure:callable kind:tool scope:builtin security_event:capability_exposure_resolved trust_class:builtin_trusted] msg=capability exposure resolved
workspace 2026/06/15 07:52:47.690658 [state_change] node= task= meta=map[capability:file_search capability_id:tool:file_search exposure:callable kind:tool scope:builtin security_event:capability_exposure_resolved trust_class:builtin_trusted] msg=capability exposure resolved
workspace 2026/06/15 07:52:47.690668 [state_change] node= task= meta=map[capability:cli_go capability_id:tool:cli_go exposure:callable kind:tool scope:builtin security_event:capability_exposure_resolved trust_class:builtin_trusted] msg=capability exposure resolved
workspace 2026/06/15 07:52:47.690677 [state_change] node= task= meta=map[capability:cli_valgrind capability_id:tool:cli_valgrind exposure:callable kind:tool scope:builtin security_event:capability_exposure_resolved trust_class:builtin_trusted] msg=capability exposure resolved
workspace 2026/06/15 07:52:47.690686 [state_change] node= task= meta=map[capability:cli_cmake capability_id:tool:cli_cmake exposure:callable kind:tool scope:builtin security_event:capability_exposure_resolved trust_class:builtin_trusted] msg=capability exposure resolved
workspace 2026/06/15 07:52:47.690695 [state_change] node= task= meta=map[capability:cli_awk capability_id:tool:cli_awk exposure:callable kind:tool scope:builtin security_event:capability_exposure_resolved trust_class:builtin_trusted] msg=capability exposure resolved
workspace 2026/06/15 07:52:47.690707 [state_change] node= task= meta=map[capability:cli_echo capability_id:tool:cli_echo exposure:callable kind:tool scope:builtin security_event:capability_exposure_resolved trust_class:builtin_trusted] msg=capability exposure resolved
workspace 2026/06/15 07:52:47.690719 [state_change] node= task= meta=map[capability:cli_python capability_id:tool:cli_python exposure:callable kind:tool scope:builtin security_event:capability_exposure_resolved trust_class:builtin_trusted] msg=capability exposure resolved
workspace 2026/06/15 07:52:47.690728 [state_change] node= task= meta=map[capability:cli_uniq capability_id:tool:cli_uniq exposure:callable kind:tool scope:builtin security_event:capability_exposure_resolved trust_class:builtin_trusted] msg=capability exposure resolved
workspace 2026/06/15 07:52:47.690737 [state_change] node= task= meta=map[capability:cli_pkg_config capability_id:tool:cli_pkg_config exposure:callable kind:tool scope:builtin security_event:capability_exposure_resolved trust_class:builtin_trusted] msg=capability exposure resolved
workspace 2026/06/15 07:52:47.690748 [state_change] node= task= meta=map[capability:cli_ip capability_id:tool:cli_ip exposure:callable kind:tool scope:builtin security_event:capability_exposure_resolved trust_class:builtin_trusted] msg=capability exposure resolved
workspace 2026/06/15 07:52:47.690757 [state_change] node= task= meta=map[capability:cli_jq capability_id:tool:cli_jq exposure:callable kind:tool scope:builtin security_event:capability_exposure_resolved trust_class:builtin_trusted] msg=capability exposure resolved
workspace 2026/06/15 07:52:47.690766 [state_change] node= task= meta=map[capability:cli_ss capability_id:tool:cli_ss exposure:callable kind:tool scope:builtin security_event:capability_exposure_resolved trust_class:builtin_trusted] msg=capability exposure resolved
workspace 2026/06/15 07:52:47.690774 [state_change] node= task= meta=map[capability:cli_gdb capability_id:tool:cli_gdb exposure:callable kind:tool scope:builtin security_event:capability_exposure_resolved trust_class:builtin_trusted] msg=capability exposure resolved
workspace 2026/06/15 07:52:47.690783 [state_change] node= task= meta=map[capability:cli_npm capability_id:tool:cli_npm exposure:callable kind:tool scope:builtin security_event:capability_exposure_resolved trust_class:builtin_trusted] msg=capability exposure resolved
workspace 2026/06/15 07:52:47.690812 [state_change] node= task= meta=map[capability:cli_rg capability_id:tool:cli_rg exposure:callable kind:tool scope:builtin security_event:capability_exposure_resolved trust_class:builtin_trusted] msg=capability exposure resolved
workspace 2026/06/15 07:52:47.690826 [state_change] node= task= meta=map[capability:cli_wget capability_id:tool:cli_wget exposure:callable kind:tool scope:builtin security_event:capability_exposure_resolved trust_class:builtin_trusted] msg=capability exposure resolved
workspace 2026/06/15 07:52:47.690835 [state_change] node= task= meta=map[capability:cli_git capability_id:tool:cli_git exposure:callable kind:tool scope:builtin security_event:capability_exposure_resolved trust_class:builtin_trusted] msg=capability exposure resolved
workspace 2026/06/15 07:52:47.690843 [state_change] node= task= meta=map[capability:cli_time capability_id:tool:cli_time exposure:callable kind:tool scope:builtin security_event:capability_exposure_resolved trust_class:builtin_trusted] msg=capability exposure resolved
workspace 2026/06/15 07:52:47.690856 [state_change] node= task= meta=map[capability:lsp_format capability_id:tool:lsp_format exposure:callable kind:tool scope:builtin security_event:capability_exposure_resolved trust_class:builtin_trusted] msg=capability exposure resolved
workspace 2026/06/15 07:52:47.690865 [state_change] node= task= meta=map[capability:cli_node capability_id:tool:cli_node exposure:callable kind:tool scope:builtin security_event:capability_exposure_resolved trust_class:builtin_trusted] msg=capability exposure resolved
workspace 2026/06/15 07:52:47.690873 [state_change] node= task= meta=map[capability:cli_touch capability_id:tool:cli_touch exposure:callable kind:tool scope:builtin security_event:capability_exposure_resolved trust_class:builtin_trusted] msg=capability exposure resolved
workspace 2026/06/15 07:52:47.690882 [state_change] node= task= meta=map[capability:lsp_get_hover capability_id:tool:lsp_get_hover exposure:callable kind:tool scope:builtin security_event:capability_exposure_resolved trust_class:builtin_trusted] msg=capability exposure resolved
workspace 2026/06/15 07:52:47.690891 [state_change] node= task= meta=map[capability:git_branch capability_id:tool:git_branch exposure:callable kind:tool scope:builtin security_event:capability_exposure_resolved trust_class:builtin_trusted] msg=capability exposure resolved
workspace 2026/06/15 07:52:47.690901 [state_change] node= task= meta=map[capability:cli_uptime capability_id:tool:cli_uptime exposure:callable kind:tool scope:builtin security_event:capability_exposure_resolved trust_class:builtin_trusted] msg=capability exposure resolved
workspace 2026/06/15 07:52:47.690910 [state_change] node= task= meta=map[capability:cli_systemctl capability_id:tool:cli_systemctl exposure:callable kind:tool scope:builtin security_event:capability_exposure_resolved trust_class:builtin_trusted] msg=capability exposure resolved
workspace 2026/06/15 07:52:47.690919 [state_change] node= task= meta=map[capability:lsp_search_symbols capability_id:tool:lsp_search_symbols exposure:callable kind:tool scope:builtin security_event:capability_exposure_resolved trust_class:builtin_trusted] msg=capability exposure resolved
workspace 2026/06/15 07:52:47.690928 [state_change] node= task= meta=map[capability:pipe_fd_rg capability_id:tool:pipe_fd_rg exposure:callable kind:tool scope:builtin security_event:capability_exposure_resolved trust_class:builtin_trusted] msg=capability exposure resolved
workspace 2026/06/15 07:52:47.690946 [state_change] node= task= meta=map[capability:cli_ed capability_id:tool:cli_ed exposure:callable kind:tool scope:builtin security_event:capability_exposure_resolved trust_class:builtin_trusted] msg=capability exposure resolved
workspace 2026/06/15 07:52:47.690955 [state_change] node= task= meta=map[capability:cli_nslookup capability_id:tool:cli_nslookup exposure:callable kind:tool scope:builtin security_event:capability_exposure_resolved trust_class:builtin_trusted] msg=capability exposure resolved
workspace 2026/06/15 07:52:47.690969 [state_change] node= task= meta=map[capability:cli_htop capability_id:tool:cli_htop exposure:callable kind:tool scope:builtin security_event:capability_exposure_resolved trust_class:builtin_trusted] msg=capability exposure resolved
workspace 2026/06/15 07:52:47.690981 [state_change] node= task= meta=map[capability:lsp_get_diagnostics capability_id:tool:lsp_get_diagnostics exposure:callable kind:tool scope:builtin security_event:capability_exposure_resolved trust_class:builtin_trusted] msg=capability exposure resolved
workspace 2026/06/15 07:52:47.690990 [state_change] node= task= meta=map[capability:file_create capability_id:tool:file_create exposure:callable kind:tool scope:builtin security_event:capability_exposure_resolved trust_class:builtin_trusted] msg=capability exposure resolved
workspace 2026/06/15 07:52:47.690998 [state_change] node= task= meta=map[capability:cli_diff capability_id:tool:cli_diff exposure:callable kind:tool scope:builtin security_event:capability_exposure_resolved trust_class:builtin_trusted] msg=capability exposure resolved
workspace 2026/06/15 07:52:47.691007 [state_change] node= task= meta=map[capability:cli_tr capability_id:tool:cli_tr exposure:callable kind:tool scope:builtin security_event:capability_exposure_resolved trust_class:builtin_trusted] msg=capability exposure resolved
workspace 2026/06/15 07:52:47.691015 [state_change] node= task= meta=map[capability:cli_tar capability_id:tool:cli_tar exposure:callable kind:tool scope:builtin security_event:capability_exposure_resolved trust_class:builtin_trusted] msg=capability exposure resolved
workspace 2026/06/15 07:52:47.691028 [state_change] node= task= meta=map[capability:cli_make capability_id:tool:cli_make exposure:callable kind:tool scope:builtin security_event:capability_exposure_resolved trust_class:builtin_trusted] msg=capability exposure resolved
workspace 2026/06/15 07:52:47.691037 [state_change] node= task= meta=map[capability:file_delete capability_id:tool:file_delete exposure:callable kind:tool scope:builtin security_event:capability_exposure_resolved trust_class:builtin_trusted] msg=capability exposure resolved
workspace 2026/06/15 07:52:47.691046 [state_change] node= task= meta=map[capability:search_semantic capability_id:tool:search_semantic exposure:callable kind:tool scope:builtin security_event:capability_exposure_resolved trust_class:builtin-trusted] msg=capability exposure resolved
workspace 2026/06/15 07:52:47.691055 [state_change] node= task= meta=map[capability:git_blame capability_id:tool:git_blame exposure:callable kind:tool scope:builtin security_event:capability_exposure_resolved trust_class:builtin_trusted] msg=capability exposure resolved
workspace 2026/06/15 07:52:47.691064 [state_change] node= task= meta=map[capability:search_find_similar capability_id:tool:search_find_similar exposure:callable kind:tool scope:builtin security_event:capability_exposure_resolved trust_class:builtin-trusted] msg=capability exposure resolved
workspace 2026/06/15 07:52:47.691076 [state_change] node= task= meta=map[capability:cli_bzip2 capability_id:tool:cli_bzip2 exposure:callable kind:tool scope:builtin security_event:capability_exposure_resolved trust_class:builtin_trusted] msg=capability exposure resolved
workspace 2026/06/15 07:52:47.691090 [state_change] node= task= meta=map[capability:cli_lsblk capability_id:tool:cli_lsblk exposure:callable kind:tool scope:builtin security_event:capability_exposure_resolved trust_class:builtin_trusted] msg=capability exposure resolved
workspace 2026/06/15 07:52:47.691099 [state_change] node= task= meta=map[capability:cli_rev capability_id:tool:cli_rev exposure:callable kind:tool scope:builtin security_event:capability_exposure_resolved trust_class:builtin_trusted] msg=capability exposure resolved
workspace 2026/06/15 07:52:47.691107 [state_change] node= task= meta=map[capability:cli_ping capability_id:tool:cli_ping exposure:callable kind:tool scope:builtin security_event:capability_exposure_resolved trust_class:builtin_trusted] msg=capability exposure resolved
workspace 2026/06/15 07:52:47.691116 [state_change] node= task= meta=map[capability:cli_column capability_id:tool:cli_column exposure:callable kind:tool scope:builtin security_event:capability_exposure_resolved trust_class:builtin_trusted] msg=capability exposure resolved
workspace 2026/06/15 07:52:47.691127 [state_change] node= task= meta=map[capability:cli_perl capability_id:tool:cli_perl exposure:callable kind:tool scope:builtin security_event:capability_exposure_resolved trust_class:builtin_trusted] msg=capability exposure resolved
workspace 2026/06/15 07:52:47.691136 [state_change] node= task= meta=map[capability:cli_gzip capability_id:tool:cli_gzip exposure:callable kind:tool scope:builtin security_event:capability_exposure_resolved trust_class:builtin_trusted] msg=capability exposure resolved
workspace 2026/06/15 07:52:47.691145 [state_change] node= task= meta=map[capability:git_commit capability_id:tool:git_commit exposure:callable kind:tool scope:builtin security_event:capability_exposure_resolved trust_class:builtin_trusted] msg=capability exposure resolved
workspace 2026/06/15 07:52:47.691157 [state_change] node= task= meta=map[capability:cli_locate capability_id:tool:cli_locate exposure:callable kind:tool scope:builtin security_event:capability_exposure_resolved trust_class:builtin_trusted] msg=capability exposure resolved
workspace 2026/06/15 07:52:47.691170 [state_change] node= task= meta=map[capability:cli_dig capability_id:tool:cli_dig exposure:callable kind:tool scope:builtin security_event:capability_exposure_resolved trust_class:builtin_trusted] msg=capability exposure resolved
workspace 2026/06/15 07:52:47.691178 [state_change] node= task= meta=map[capability:cli_ex capability_id:tool:cli_ex exposure:callable kind:tool scope:builtin security_event:capability_exposure_resolved trust_class:builtin_trusted] msg=capability exposure resolved
workspace 2026/06/15 07:52:47.691187 [state_change] node= task= meta=map[capability:file_list capability_id:tool:file_list exposure:callable kind:tool scope:builtin security_event:capability_exposure_resolved trust_class:builtin_trusted] msg=capability exposure resolved
workspace 2026/06/15 07:52:47.691199 [state_change] node= task= meta=map[capability:bash capability_id:tool:bash exposure:callable kind:tool scope:builtin security_event:capability_exposure_resolved trust_class:builtin_trusted] msg=capability exposure resolved
workspace 2026/06/15 07:52:47.691208 [state_change] node= task= meta=map[capability:cli_cut capability_id:tool:cli_cut exposure:callable kind:tool scope:builtin security_event:capability_exposure_resolved trust_class:builtin_trusted] msg=capability exposure resolved
workspace 2026/06/15 07:52:47.691219 [state_change] node= task= meta=map[capability:cli_sed capability_id:tool:cli_sed exposure:callable kind:tool scope:builtin security_event:capability_exposure_resolved trust_class:builtin_trusted] msg=capability exposure resolved
workspace 2026/06/15 07:52:47.691228 [state_change] node= task= meta=map[capability:cli_wc capability_id:tool:cli_wc exposure:callable kind:tool scope:builtin security_event:capability_exposure_resolved trust_class:builtin_trusted] msg=capability exposure resolved
workspace 2026/06/15 07:52:47.691237 [state_change] node= task= meta=map[capability:cli_df capability_id:tool:cli_df exposure:callable kind:tool scope:builtin security_event:capability_exposure_resolved trust_class:builtin_trusted] msg=capability exposure resolved
workspace 2026/06/15 07:52:47.691245 [state_change] node= task= meta=map[capability:cli_perf capability_id:tool:cli_perf exposure:callable kind:tool scope:builtin security_event:capability_exposure_resolved trust_class:builtin_trusted] msg=capability exposure resolved
workspace 2026/06/15 07:52:47.691254 [state_change] node= task= meta=map[capability:cli_colordiff capability_id:tool:cli_colordiff exposure:callable kind:tool scope:builtin security_event:capability_exposure_resolved trust_class:builtin_trusted] msg=capability exposure resolved
workspace 2026/06/15 07:52:47.691263 [state_change] node= task= meta=map[capability:cli_comm capability_id:tool:cli_comm exposure:callable kind:tool scope:builtin security_event:capability_exposure_resolved trust_class:builtin_trusted] msg=capability exposure resolved
workspace 2026/06/15 07:52:47.691275 [state_change] node= task= meta=map[capability:cli_paste capability_id:tool:cli_paste exposure:callable kind:tool scope:builtin security_event:capability_exposure_resolved trust_class:builtin_trusted] msg=capability exposure resolved
workspace 2026/06/15 07:52:47.691284 [state_change] node= task= meta=map[capability:lsp_document_symbols capability_id:tool:lsp_document_symbols exposure:callable kind:tool scope:builtin security_event:capability_exposure_resolved trust_class:builtin_trusted] msg=capability exposure resolved
workspace 2026/06/15 07:52:47.691295 [state_change] node= task= meta=map[capability:lsp_get_definition capability_id:tool:lsp_get_definition exposure:callable kind:tool scope:builtin security_event:capability_exposure_resolved trust_class:builtin_trusted] msg=capability exposure resolved
workspace 2026/06/15 07:52:47.691310 [state_change] node= task= meta=map[capability:cli_ag capability_id:tool:cli_ag exposure:callable kind:tool scope:builtin security_event:capability_exposure_resolved trust_class:builtin_trusted] msg=capability exposure resolved
workspace 2026/06/15 07:52:47.691319 [state_change] node= task= meta=map[capability:cli_fd capability_id:tool:cli_fd exposure:callable kind:tool scope:builtin security_event:capability_exposure_resolved trust_class:builtin_trusted] msg=capability exposure resolved
workspace 2026/06/15 07:52:47.691327 [state_change] node= task= meta=map[capability:cli_curl capability_id:tool:cli_curl exposure:callable kind:tool scope:builtin security_event:capability_exposure_resolved trust_class:builtin_trusted] msg=capability exposure resolved
workspace 2026/06/15 07:52:47.691336 [state_change] node= task= meta=map[capability:search_grep capability_id:tool:search_grep exposure:callable kind:tool scope:builtin security_event:capability_exposure_resolved trust_class:builtin_trusted] msg=capability exposure resolved
workspace 2026/06/15 07:52:47.691345 [state_change] node= task= meta=map[capability:cli_tree capability_id:tool:cli_tree exposure:callable kind:tool scope:builtin security_event:capability_exposure_resolved trust_class:builtin_trusted] msg=capability exposure resolved
workspace 2026/06/15 07:52:47.691357 [state_change] node= task= meta=map[capability:go_test capability_id:tool:go_test exposure:callable kind:tool scope:builtin security_event:capability_exposure_resolved trust_class:builtin_trusted] msg=capability exposure resolved
workspace 2026/06/15 07:52:47.691365 [state_change] node= task= meta=map[capability:lsp_get_references capability_id:tool:lsp_get_references exposure:callable kind:tool scope:builtin security_event:capability_exposure_resolved trust_class:builtin_trusted] msg=capability exposure resolved
workspace 2026/06/15 07:52:47.691374 [state_change] node= task= meta=map[capability:cli_patch capability_id:tool:cli_patch exposure:callable kind:tool scope:builtin security_event:capability_exposure_resolved trust_class:builtin_trusted] msg=capability exposure resolved
2026/06/15 07:52:47 relurpish panic recovered: runtime error: invalid memory address or nil pointer dereference
workspace 2026/06/15 09:25:48.334071 [state_change] node= task= meta=map[capability:cli_comm capability_id:tool:cli_comm exposure:callable kind:tool scope:builtin security_event:capability_exposure_resolved trust_class:builtin_trusted] msg=capability exposure resolved
workspace 2026/06/15 09:25:48.334135 [state_change] node= task= meta=map[capability:lsp_get_hover capability_id:tool:lsp_get_hover exposure:callable kind:tool scope:builtin security_event:capability_exposure_resolved trust_class:builtin_trusted] msg=capability exposure resolved
workspace 2026/06/15 09:25:48.334152 [state_change] node= task= meta=map[capability:cli_dig capability_id:tool:cli_dig exposure:callable kind:tool scope:builtin security_event:capability_exposure_resolved trust_class:builtin_trusted] msg=capability exposure resolved
workspace 2026/06/15 09:25:48.334175 [state_change] node= task= meta=map[capability:file_search capability_id:tool:file_search exposure:callable kind:tool scope:builtin security_event:capability_exposure_resolved trust_class:builtin_trusted] msg=capability exposure resolved
workspace 2026/06/15 09:25:48.334193 [state_change] node= task= meta=map[capability:git_history capability_id:tool:git_history exposure:callable kind:tool scope:builtin security_event:capability_exposure_resolved trust_class:builtin_trusted] msg=capability exposure resolved
workspace 2026/06/15 09:25:48.334206 [state_change] node= task= meta=map[capability:cli_stat capability_id:tool:cli_stat exposure:callable kind:tool scope:builtin security_event:capability_exposure_resolved trust_class:builtin_trusted] msg=capability exposure resolved
workspace 2026/06/15 09:25:48.334220 [state_change] node= task= meta=map[capability:cli_cmake capability_id:tool:cli_cmake exposure:callable kind:tool scope:builtin security_event:capability_exposure_resolved trust_class:builtin_trusted] msg=capability exposure resolved
workspace 2026/06/15 09:25:48.334232 [state_change] node= task= meta=map[capability:cli_gzip capability_id:tool:cli_gzip exposure:callable kind:tool scope:builtin security_event:capability_exposure_resolved trust_class:builtin_trusted] msg=capability exposure resolved
workspace 2026/06/15 09:25:48.334244 [state_change] node= task= meta=map[capability:cli_patch capability_id:tool:cli_patch exposure:callable kind:tool scope:builtin security_event:capability_exposure_resolved trust_class:builtin_trusted] msg=capability exposure resolved
workspace 2026/06/15 09:25:48.334256 [state_change] node= task= meta=map[capability:bash capability_id:tool:bash exposure:callable kind:tool scope:builtin security_event:capability_exposure_resolved trust_class:builtin_trusted] msg=capability exposure resolved
workspace 2026/06/15 09:25:48.334268 [state_change] node= task= meta=map[capability:cli_ldd capability_id:tool:cli_ldd exposure:callable kind:tool scope:builtin security_event:capability_exposure_resolved trust_class:builtin_trusted] msg=capability exposure resolved
workspace 2026/06/15 09:25:48.334281 [state_change] node= task= meta=map[capability:cli_jq capability_id:tool:cli_jq exposure:callable kind:tool scope:builtin security_event:capability_exposure_resolved trust_class:builtin_trusted] msg=capability exposure resolved
workspace 2026/06/15 09:25:48.334292 [state_change] node= task= meta=map[capability:cli_git capability_id:tool:cli_git exposure:callable kind:tool scope:builtin security_event:capability_exposure_resolved trust_class:builtin_trusted] msg=capability exposure resolved
workspace 2026/06/15 09:25:48.334306 [state_change] node= task= meta=map[capability:cli_ed capability_id:tool:cli_ed exposure:callable kind:tool scope:builtin security_event:capability_exposure_resolved trust_class:builtin_trusted] msg=capability exposure resolved
workspace 2026/06/15 09:25:48.334317 [state_change] node= task= meta=map[capability:search_find_similar capability_id:tool:search_find_similar exposure:callable kind:tool scope:builtin security_event:capability_exposure_resolved trust_class:builtin-trusted] msg=capability exposure resolved
workspace 2026/06/15 09:25:48.334330 [state_change] node= task= meta=map[capability:cli_rev capability_id:tool:cli_rev exposure:callable kind:tool scope:builtin security_event:capability_exposure_resolved trust_class:builtin_trusted] msg=capability exposure resolved
workspace 2026/06/15 09:25:48.334346 [state_change] node= task= meta=map[capability:cli_ip capability_id:tool:cli_ip exposure:callable kind:tool scope:builtin security_event:capability_exposure_resolved trust_class:builtin_trusted] msg=capability exposure resolved
workspace 2026/06/15 09:25:48.334359 [state_change] node= task= meta=map[capability:file_read capability_id:tool:file_read exposure:callable kind:tool scope:builtin security_event:capability_exposure_resolved trust_class:builtin_trusted] msg=capability exposure resolved
workspace 2026/06/15 09:25:48.334372 [state_change] node= task= meta=map[capability:cli_paste capability_id:tool:cli_paste exposure:callable kind:tool scope:builtin security_event:capability_exposure_resolved trust_class:builtin_trusted] msg=capability exposure resolved
workspace 2026/06/15 09:25:48.334387 [state_change] node= task= meta=map[capability:cli_df capability_id:tool:cli_df exposure:callable kind:tool scope:builtin security_event:capability_exposure_resolved trust_class:builtin_trusted] msg=capability exposure resolved
workspace 2026/06/15 09:25:48.334399 [state_change] node= task= meta=map[capability:lsp_document_symbols capability_id:tool:lsp_document_symbols exposure:callable kind:tool scope:builtin security_event:capability_exposure_resolved trust_class:builtin_trusted] msg=capability exposure resolved
workspace 2026/06/15 09:25:48.334413 [state_change] node= task= meta=map[capability:cli_mkdir capability_id:tool:cli_mkdir exposure:callable kind:tool scope:builtin security_event:capability_exposure_resolved trust_class:builtin_trusted] msg=capability exposure resolved
workspace 2026/06/15 09:25:48.334423 [state_change] node= task= meta=map[capability:lsp_format capability_id:tool:lsp_format exposure:callable kind:tool scope:builtin security_event:capability_exposure_resolved trust_class:builtin_trusted] msg=capability exposure resolved
workspace 2026/06/15 09:25:48.334433 [state_change] node= task= meta=map[capability:lsp_get_definition capability_id:tool:lsp_get_definition exposure:callable kind:tool scope:builtin security_event:capability_exposure_resolved trust_class:builtin_trusted] msg=capability exposure resolved
workspace 2026/06/15 09:25:48.334444 [state_change] node= task= meta=map[capability:cli_objdump capability_id:tool:cli_objdump exposure:callable kind:tool scope:builtin security_event:capability_exposure_resolved trust_class:builtin_trusted] msg=capability exposure resolved
workspace 2026/06/15 09:25:48.334454 [state_change] node= task= meta=map[capability:cli_sed capability_id:tool:cli_sed exposure:callable kind:tool scope:builtin security_event:capability_exposure_resolved trust_class:builtin_trusted] msg=capability exposure resolved
workspace 2026/06/15 09:25:48.334465 [state_change] node= task= meta=map[capability:cli_wc capability_id:tool:cli_wc exposure:callable kind:tool scope:builtin security_event:capability_exposure_resolved trust_class:builtin_trusted] msg=capability exposure resolved
workspace 2026/06/15 09:25:48.334475 [state_change] node= task= meta=map[capability:cli_cargo capability_id:tool:cli_cargo exposure:callable kind:tool scope:builtin security_event:capability_exposure_resolved trust_class:builtin_trusted] msg=capability exposure resolved
workspace 2026/06/15 09:25:48.334486 [state_change] node= task= meta=map[capability:cli_xz capability_id:tool:cli_xz exposure:callable kind:tool scope:builtin security_event:capability_exposure_resolved trust_class:builtin_trusted] msg=capability exposure resolved
workspace 2026/06/15 09:25:48.334500 [state_change] node= task= meta=map[capability:cli_lsblk capability_id:tool:cli_lsblk exposure:callable kind:tool scope:builtin security_event:capability_exposure_resolved trust_class:builtin_trusted] msg=capability exposure resolved
workspace 2026/06/15 09:25:48.334511 [state_change] node= task= meta=map[capability:cli_at capability_id:tool:cli_at exposure:callable kind:tool scope:builtin security_event:capability_exposure_resolved trust_class:builtin_trusted] msg=capability exposure resolved
workspace 2026/06/15 09:25:48.334521 [state_change] node= task= meta=map[capability:cli_echo capability_id:tool:cli_echo exposure:callable kind:tool scope:builtin security_event:capability_exposure_resolved trust_class:builtin_trusted] msg=capability exposure resolved
workspace 2026/06/15 09:25:48.334531 [state_change] node= task= meta=map[capability:git_commit capability_id:tool:git_commit exposure:callable kind:tool scope:builtin security_event:capability_exposure_resolved trust_class:builtin_trusted] msg=capability exposure resolved
workspace 2026/06/15 09:25:48.334542 [state_change] node= task= meta=map[capability:cli_ag capability_id:tool:cli_ag exposure:callable kind:tool scope:builtin security_event:capability_exposure_resolved trust_class:builtin_trusted] msg=capability exposure resolved
workspace 2026/06/15 09:25:48.334557 [state_change] node= task= meta=map[capability:cli_fd capability_id:tool:cli_fd exposure:callable kind:tool scope:builtin security_event:capability_exposure_resolved trust_class:builtin_trusted] msg=capability exposure resolved
workspace 2026/06/15 09:25:48.334567 [state_change] node= task= meta=map[capability:cli_du capability_id:tool:cli_du exposure:callable kind:tool scope:builtin security_event:capability_exposure_resolved trust_class:builtin_trusted] msg=capability exposure resolved
workspace 2026/06/15 09:25:48.334578 [state_change] node= task= meta=map[capability:cli_rustfmt capability_id:tool:cli_rustfmt exposure:callable kind:tool scope:builtin security_event:capability_exposure_resolved trust_class:builtin_trusted] msg=capability exposure resolved
workspace 2026/06/15 09:25:48.334588 [state_change] node= task= meta=map[capability:pipe_fd_rg capability_id:tool:pipe_fd_rg exposure:callable kind:tool scope:builtin security_event:capability_exposure_resolved trust_class:builtin_trusted] msg=capability exposure resolved
workspace 2026/06/15 09:25:48.334600 [state_change] node= task= meta=map[capability:lsp_search_symbols capability_id:tool:lsp_search_symbols exposure:callable kind:tool scope:builtin security_event:capability_exposure_resolved trust_class:builtin_trusted] msg=capability exposure resolved
workspace 2026/06/15 09:25:48.334610 [state_change] node= task= meta=map[capability:cli_time capability_id:tool:cli_time exposure:callable kind:tool scope:builtin security_event:capability_exposure_resolved trust_class:builtin_trusted] msg=capability exposure resolved
workspace 2026/06/15 09:25:48.334620 [state_change] node= task= meta=map[capability:cli_make capability_id:tool:cli_make exposure:callable kind:tool scope:builtin security_event:capability_exposure_resolved trust_class:builtin_trusted] msg=capability exposure resolved
workspace 2026/06/15 09:25:48.334630 [state_change] node= task= meta=map[capability:cli_uniq capability_id:tool:cli_uniq exposure:callable kind:tool scope:builtin security_event:capability_exposure_resolved trust_class:builtin_trusted] msg=capability exposure resolved
workspace 2026/06/15 09:25:48.334644 [state_change] node= task= meta=map[capability:cli_cut capability_id:tool:cli_cut exposure:callable kind:tool scope:builtin security_event:capability_exposure_resolved trust_class:builtin_trusted] msg=capability exposure resolved
workspace 2026/06/15 09:25:48.334656 [state_change] node= task= meta=map[capability:cli_wget capability_id:tool:cli_wget exposure:callable kind:tool scope:builtin security_event:capability_exposure_resolved trust_class:builtin_trusted] msg=capability exposure resolved
workspace 2026/06/15 09:25:48.334665 [state_change] node= task= meta=map[capability:cli_ex capability_id:tool:cli_ex exposure:callable kind:tool scope:builtin security_event:capability_exposure_resolved trust_class:builtin_trusted] msg=capability exposure resolved
workspace 2026/06/15 09:25:48.334677 [state_change] node= task= meta=map[capability:cli_xxd capability_id:tool:cli_xxd exposure:callable kind:tool scope:builtin security_event:capability_exposure_resolved trust_class:builtin_trusted] msg=capability exposure resolved
workspace 2026/06/15 09:25:48.334688 [state_change] node= task= meta=map[capability:cli_column capability_id:tool:cli_column exposure:callable kind:tool scope:builtin security_event:capability_exposure_resolved trust_class:builtin_trusted] msg=capability exposure resolved
workspace 2026/06/15 09:25:48.334699 [state_change] node= task= meta=map[capability:file_write capability_id:tool:file_write exposure:callable kind:tool scope:builtin security_event:capability_exposure_resolved trust_class:builtin_trusted] msg=capability exposure resolved
workspace 2026/06/15 09:25:48.334709 [state_change] node= task= meta=map[capability:cli_bzip2 capability_id:tool:cli_bzip2 exposure:callable kind:tool scope:builtin security_event:capability_exposure_resolved trust_class:builtin_trusted] msg=capability exposure resolved
workspace 2026/06/15 09:25:48.334723 [state_change] node= task= meta=map[capability:cli_htop capability_id:tool:cli_htop exposure:callable kind:tool scope:builtin security_event:capability_exposure_resolved trust_class:builtin_trusted] msg=capability exposure resolved
workspace 2026/06/15 09:25:48.334734 [state_change] node= task= meta=map[capability:search_semantic capability_id:tool:search_semantic exposure:callable kind:tool scope:builtin security_event:capability_exposure_resolved trust_class:builtin-trusted] msg=capability exposure resolved
workspace 2026/06/15 09:25:48.334744 [state_change] node= task= meta=map[capability:lsp_get_diagnostics capability_id:tool:lsp_get_diagnostics exposure:callable kind:tool scope:builtin security_event:capability_exposure_resolved trust_class:builtin_trusted] msg=capability exposure resolved
workspace 2026/06/15 09:25:48.334754 [state_change] node= task= meta=map[capability:file_delete capability_id:tool:file_delete exposure:callable kind:tool scope:builtin security_event:capability_exposure_resolved trust_class:builtin_trusted] msg=capability exposure resolved
workspace 2026/06/15 09:25:48.334765 [state_change] node= task= meta=map[capability:cli_colordiff capability_id:tool:cli_colordiff exposure:callable kind:tool scope:builtin security_event:capability_exposure_resolved trust_class:builtin_trusted] msg=capability exposure resolved
workspace 2026/06/15 09:25:48.334775 [state_change] node= task= meta=map[capability:cli_yq capability_id:tool:cli_yq exposure:callable kind:tool scope:builtin security_event:capability_exposure_resolved trust_class:builtin_trusted] msg=capability exposure resolved
workspace 2026/06/15 09:25:48.334794 [state_change] node= task= meta=map[capability:cli_tr capability_id:tool:cli_tr exposure:callable kind:tool scope:builtin security_event:capability_exposure_resolved trust_class:builtin_trusted] msg=capability exposure resolved
workspace 2026/06/15 09:25:48.334808 [state_change] node= task= meta=map[capability:cli_go capability_id:tool:cli_go exposure:callable kind:tool scope:builtin security_event:capability_exposure_resolved trust_class:builtin_trusted] msg=capability exposure resolved
workspace 2026/06/15 09:25:48.334818 [state_change] node= task= meta=map[capability:cli_sort capability_id:tool:cli_sort exposure:callable kind:tool scope:builtin security_event:capability_exposure_resolved trust_class:builtin_trusted] msg=capability exposure resolved
workspace 2026/06/15 09:25:48.334829 [state_change] node= task= meta=map[capability:cli_curl capability_id:tool:cli_curl exposure:callable kind:tool scope:builtin security_event:capability_exposure_resolved trust_class:builtin_trusted] msg=capability exposure resolved
workspace 2026/06/15 09:25:48.334839 [state_change] node= task= meta=map[capability:cli_touch capability_id:tool:cli_touch exposure:callable kind:tool scope:builtin security_event:capability_exposure_resolved trust_class:builtin_trusted] msg=capability exposure resolved
workspace 2026/06/15 09:25:48.334851 [state_change] node= task= meta=map[capability:git_blame capability_id:tool:git_blame exposure:callable kind:tool scope:builtin security_event:capability_exposure_resolved trust_class:builtin_trusted] msg=capability exposure resolved
workspace 2026/06/15 09:25:48.334861 [state_change] node= task= meta=map[capability:go_test capability_id:tool:go_test exposure:callable kind:tool scope:builtin security_event:capability_exposure_resolved trust_class:builtin_trusted] msg=capability exposure resolved
workspace 2026/06/15 09:25:48.334872 [state_change] node= task= meta=map[capability:cli_rg capability_id:tool:cli_rg exposure:callable kind:tool scope:builtin security_event:capability_exposure_resolved trust_class:builtin_trusted] msg=capability exposure resolved
workspace 2026/06/15 09:25:48.334883 [state_change] node= task= meta=map[capability:cli_nc capability_id:tool:cli_nc exposure:callable kind:tool scope:builtin security_event:capability_exposure_resolved trust_class:builtin_trusted] msg=capability exposure resolved
workspace 2026/06/15 09:25:48.334896 [state_change] node= task= meta=map[capability:cli_tree capability_id:tool:cli_tree exposure:callable kind:tool scope:builtin security_event:capability_exposure_resolved trust_class:builtin_trusted] msg=capability exposure resolved
workspace 2026/06/15 09:25:48.334906 [state_change] node= task= meta=map[capability:cli_nslookup capability_id:tool:cli_nslookup exposure:callable kind:tool scope:builtin security_event:capability_exposure_resolved trust_class:builtin_trusted] msg=capability exposure resolved
workspace 2026/06/15 09:25:48.334916 [state_change] node= task= meta=map[capability:file_list capability_id:tool:file_list exposure:callable kind:tool scope:builtin security_event:capability_exposure_resolved trust_class:builtin_trusted] msg=capability exposure resolved
workspace 2026/06/15 09:25:48.334927 [state_change] node= task= meta=map[capability:cli_gdb capability_id:tool:cli_gdb exposure:callable kind:tool scope:builtin security_event:capability_exposure_resolved trust_class:builtin_trusted] msg=capability exposure resolved
workspace 2026/06/15 09:25:48.334939 [state_change] node= task= meta=map[capability:cli_npm capability_id:tool:cli_npm exposure:callable kind:tool scope:builtin security_event:capability_exposure_resolved trust_class:builtin_trusted] msg=capability exposure resolved
workspace 2026/06/15 09:25:48.334950 [state_change] node= task= meta=map[capability:cli_diff capability_id:tool:cli_diff exposure:callable kind:tool scope:builtin security_event:capability_exposure_resolved trust_class:builtin_trusted] msg=capability exposure resolved
workspace 2026/06/15 09:25:48.334960 [state_change] node= task= meta=map[capability:cli_lsof capability_id:tool:cli_lsof exposure:callable kind:tool scope:builtin security_event:capability_exposure_resolved trust_class:builtin_trusted] msg=capability exposure resolved
workspace 2026/06/15 09:25:48.334972 [state_change] node= task= meta=map[capability:cli_node capability_id:tool:cli_node exposure:callable kind:tool scope:builtin security_event:capability_exposure_resolved trust_class:builtin_trusted] msg=capability exposure resolved
workspace 2026/06/15 09:25:48.334981 [state_change] node= task= meta=map[capability:cli_ping capability_id:tool:cli_ping exposure:callable kind:tool scope:builtin security_event:capability_exposure_resolved trust_class:builtin_trusted] msg=capability exposure resolved
workspace 2026/06/15 09:25:48.334991 [state_change] node= task= meta=map[capability:cli_strace capability_id:tool:cli_strace exposure:callable kind:tool scope:builtin security_event:capability_exposure_resolved trust_class:builtin_trusted] msg=capability exposure resolved
workspace 2026/06/15 09:25:48.335003 [state_change] node= task= meta=map[capability:cli_pkg_config capability_id:tool:cli_pkg_config exposure:callable kind:tool scope:builtin security_event:capability_exposure_resolved trust_class:builtin_trusted] msg=capability exposure resolved
workspace 2026/06/15 09:25:48.335012 [state_change] node= task= meta=map[capability:cli_systemctl capability_id:tool:cli_systemctl exposure:callable kind:tool scope:builtin security_event:capability_exposure_resolved trust_class:builtin_trusted] msg=capability exposure resolved
workspace 2026/06/15 09:25:48.335024 [state_change] node= task= meta=map[capability:git_branch capability_id:tool:git_branch exposure:callable kind:tool scope:builtin security_event:capability_exposure_resolved trust_class:builtin_trusted] msg=capability exposure resolved
workspace 2026/06/15 09:25:48.335033 [state_change] node= task= meta=map[capability:cli_locate capability_id:tool:cli_locate exposure:callable kind:tool scope:builtin security_event:capability_exposure_resolved trust_class:builtin_trusted] msg=capability exposure resolved
workspace 2026/06/15 09:25:48.335043 [state_change] node= task= meta=map[capability:lsp_get_references capability_id:tool:lsp_get_references exposure:callable kind:tool scope:builtin security_event:capability_exposure_resolved trust_class:builtin_trusted] msg=capability exposure resolved
workspace 2026/06/15 09:25:48.335056 [state_change] node= task= meta=map[capability:file_create capability_id:tool:file_create exposure:callable kind:tool scope:builtin security_event:capability_exposure_resolved trust_class:builtin_trusted] msg=capability exposure resolved
workspace 2026/06/15 09:25:48.335065 [state_change] node= task= meta=map[capability:search_grep capability_id:tool:search_grep exposure:callable kind:tool scope:builtin security_event:capability_exposure_resolved trust_class:builtin_trusted] msg=capability exposure resolved
workspace 2026/06/15 09:25:48.335079 [state_change] node= task= meta=map[capability:cli_perl capability_id:tool:cli_perl exposure:callable kind:tool scope:builtin security_event:capability_exposure_resolved trust_class:builtin_trusted] msg=capability exposure resolved
workspace 2026/06/15 09:25:48.335090 [state_change] node= task= meta=map[capability:cli_find capability_id:tool:cli_find exposure:callable kind:tool scope:builtin security_event:capability_exposure_resolved trust_class:builtin_trusted] msg=capability exposure resolved
workspace 2026/06/15 09:25:48.335100 [state_change] node= task= meta=map[capability:cli_ps capability_id:tool:cli_ps exposure:callable kind:tool scope:builtin security_event:capability_exposure_resolved trust_class:builtin_trusted] msg=capability exposure resolved
workspace 2026/06/15 09:25:48.335109 [state_change] node= task= meta=map[capability:git_diff capability_id:tool:git_diff exposure:callable kind:tool scope:builtin security_event:capability_exposure_resolved trust_class:builtin_trusted] msg=capability exposure resolved
workspace 2026/06/15 09:25:48.335125 [state_change] node= task= meta=map[capability:cli_top capability_id:tool:cli_top exposure:callable kind:tool scope:builtin security_event:capability_exposure_resolved trust_class:builtin_trusted] msg=capability exposure resolved
workspace 2026/06/15 09:25:48.335134 [state_change] node= task= meta=map[capability:cli_uptime capability_id:tool:cli_uptime exposure:callable kind:tool scope:builtin security_event:capability_exposure_resolved trust_class:builtin_trusted] msg=capability exposure resolved
workspace 2026/06/15 09:25:48.335147 [state_change] node= task= meta=map[capability:cli_awk capability_id:tool:cli_awk exposure:callable kind:tool scope:builtin security_event:capability_exposure_resolved trust_class:builtin_trusted] msg=capability exposure resolved
workspace 2026/06/15 09:25:48.335157 [state_change] node= task= meta=map[capability:query_ast capability_id:tool:query_ast exposure:callable kind:tool scope:builtin security_event:capability_exposure_resolved trust_class:builtin-trusted] msg=capability exposure resolved
workspace 2026/06/15 09:25:48.335166 [state_change] node= task= meta=map[capability:cli_file capability_id:tool:cli_file exposure:callable kind:tool scope:builtin security_event:capability_exposure_resolved trust_class:builtin_trusted] msg=capability exposure resolved
workspace 2026/06/15 09:25:48.335178 [state_change] node= task= meta=map[capability:cli_perf capability_id:tool:cli_perf exposure:callable kind:tool scope:builtin security_event:capability_exposure_resolved trust_class:builtin_trusted] msg=capability exposure resolved
workspace 2026/06/15 09:25:48.335187 [state_change] node= task= meta=map[capability:cli_python capability_id:tool:cli_python exposure:callable kind:tool scope:builtin security_event:capability_exposure_resolved trust_class:builtin_trusted] msg=capability exposure resolved
workspace 2026/06/15 09:25:48.335196 [state_change] node= task= meta=map[capability:cli_ss capability_id:tool:cli_ss exposure:callable kind:tool scope:builtin security_event:capability_exposure_resolved trust_class:builtin_trusted] msg=capability exposure resolved
workspace 2026/06/15 09:25:48.335207 [state_change] node= task= meta=map[capability:cli_tar capability_id:tool:cli_tar exposure:callable kind:tool scope:builtin security_event:capability_exposure_resolved trust_class:builtin_trusted] msg=capability exposure resolved
workspace 2026/06/15 09:25:48.335223 [state_change] node= task= meta=map[capability:cli_hexdump capability_id:tool:cli_hexdump exposure:callable kind:tool scope:builtin security_event:capability_exposure_resolved trust_class:builtin_trusted] msg=capability exposure resolved
workspace 2026/06/15 09:25:48.335235 [state_change] node= task= meta=map[capability:cli_crontab capability_id:tool:cli_crontab exposure:callable kind:tool scope:builtin security_event:capability_exposure_resolved trust_class:builtin_trusted] msg=capability exposure resolved
workspace 2026/06/15 09:25:48.335244 [state_change] node= task= meta=map[capability:cli_valgrind capability_id:tool:cli_valgrind exposure:callable kind:tool scope:builtin security_event:capability_exposure_resolved trust_class:builtin_trusted] msg=capability exposure resolved
workspace 2026/06/15 09:25:48.338255 workspace: prompt registry loaded: 26 prompts
workspace 2026/06/15 09:25:48.338293 workspace: workspace opened successfully
workspace 2026/06/15 09:25:48.338309 warning: event log not available from workspace
workspace 2026/06/15 09:25:48.338314 [state_change] node= task= meta=map[provider:offline] msg=backend_selected
workspace 2026/06/15 09:25:48.338364 [state_change] node= task= meta=map[capability:cli_ss capability_id:tool:cli_ss exposure:callable kind:tool scope:builtin security_event:capability_exposure_resolved trust_class:builtin_trusted] msg=capability exposure resolved
workspace 2026/06/15 09:25:48.338381 [state_change] node= task= meta=map[capability:cli_tar capability_id:tool:cli_tar exposure:callable kind:tool scope:builtin security_event:capability_exposure_resolved trust_class:builtin_trusted] msg=capability exposure resolved
workspace 2026/06/15 09:25:48.338393 [state_change] node= task= meta=map[capability:cli_hexdump capability_id:tool:cli_hexdump exposure:callable kind:tool scope:builtin security_event:capability_exposure_resolved trust_class:builtin_trusted] msg=capability exposure resolved
workspace 2026/06/15 09:25:48.338405 [state_change] node= task= meta=map[capability:cli_crontab capability_id:tool:cli_crontab exposure:callable kind:tool scope:builtin security_event:capability_exposure_resolved trust_class:builtin_trusted] msg=capability exposure resolved
workspace 2026/06/15 09:25:48.338417 [state_change] node= task= meta=map[capability:cli_valgrind capability_id:tool:cli_valgrind exposure:callable kind:tool scope:builtin security_event:capability_exposure_resolved trust_class:builtin_trusted] msg=capability exposure resolved
workspace 2026/06/15 09:25:48.338428 [state_change] node= task= meta=map[capability:cli_comm capability_id:tool:cli_comm exposure:callable kind:tool scope:builtin security_event:capability_exposure_resolved trust_class:builtin_trusted] msg=capability exposure resolved
workspace 2026/06/15 09:25:48.338442 [state_change] node= task= meta=map[capability:lsp_get_hover capability_id:tool:lsp_get_hover exposure:callable kind:tool scope:builtin security_event:capability_exposure_resolved trust_class:builtin_trusted] msg=capability exposure resolved
workspace 2026/06/15 09:25:48.338453 [state_change] node= task= meta=map[capability:cli_dig capability_id:tool:cli_dig exposure:callable kind:tool scope:builtin security_event:capability_exposure_resolved trust_class:builtin_trusted] msg=capability exposure resolved
workspace 2026/06/15 09:25:48.338471 [state_change] node= task= meta=map[capability:file_search capability_id:tool:file_search exposure:callable kind:tool scope:builtin security_event:capability_exposure_resolved trust_class:builtin_trusted] msg=capability exposure resolved
workspace 2026/06/15 09:25:48.338486 [state_change] node= task= meta=map[capability:git_history capability_id:tool:git_history exposure:callable kind:tool scope:builtin security_event:capability_exposure_resolved trust_class:builtin_trusted] msg=capability exposure resolved
workspace 2026/06/15 09:25:48.338502 [state_change] node= task= meta=map[capability:cli_stat capability_id:tool:cli_stat exposure:callable kind:tool scope:builtin security_event:capability_exposure_resolved trust_class:builtin_trusted] msg=capability exposure resolved
workspace 2026/06/15 09:25:48.338517 [state_change] node= task= meta=map[capability:cli_cmake capability_id:tool:cli_cmake exposure:callable kind:tool scope:builtin security_event:capability_exposure_resolved trust_class:builtin_trusted] msg=capability exposure resolved
workspace 2026/06/15 09:25:48.338530 [state_change] node= task= meta=map[capability:cli_gzip capability_id:tool:cli_gzip exposure:callable kind:tool scope:builtin security_event:capability_exposure_resolved trust_class:builtin_trusted] msg=capability exposure resolved
workspace 2026/06/15 09:25:48.338545 [state_change] node= task= meta=map[capability:cli_patch capability_id:tool:cli_patch exposure:callable kind:tool scope:builtin security_event:capability_exposure_resolved trust_class:builtin_trusted] msg=capability exposure resolved
workspace 2026/06/15 09:25:48.338556 [state_change] node= task= meta=map[capability:bash capability_id:tool:bash exposure:callable kind:tool scope:builtin security_event:capability_exposure_resolved trust_class:builtin_trusted] msg=capability exposure resolved
workspace 2026/06/15 09:25:48.338568 [state_change] node= task= meta=map[capability:cli_ldd capability_id:tool:cli_ldd exposure:callable kind:tool scope:builtin security_event:capability_exposure_resolved trust_class:builtin_trusted] msg=capability exposure resolved
workspace 2026/06/15 09:25:48.338581 [state_change] node= task= meta=map[capability:cli_jq capability_id:tool:cli_jq exposure:callable kind:tool scope:builtin security_event:capability_exposure_resolved trust_class:builtin_trusted] msg=capability exposure resolved
workspace 2026/06/15 09:25:48.338592 [state_change] node= task= meta=map[capability:cli_git capability_id:tool:cli_git exposure:callable kind:tool scope:builtin security_event:capability_exposure_resolved trust_class:builtin_trusted] msg=capability exposure resolved
workspace 2026/06/15 09:25:48.338602 [state_change] node= task= meta=map[capability:cli_ed capability_id:tool:cli_ed exposure:callable kind:tool scope:builtin security_event:capability_exposure_resolved trust_class:builtin_trusted] msg=capability exposure resolved
workspace 2026/06/15 09:25:48.338615 [state_change] node= task= meta=map[capability:search_find_similar capability_id:tool:search_find_similar exposure:callable kind:tool scope:builtin security_event:capability_exposure_resolved trust_class:builtin-trusted] msg=capability exposure resolved
workspace 2026/06/15 09:25:48.338631 [state_change] node= task= meta=map[capability:cli_rev capability_id:tool:cli_rev exposure:callable kind:tool scope:builtin security_event:capability_exposure_resolved trust_class:builtin_trusted] msg=capability exposure resolved
workspace 2026/06/15 09:25:48.338642 [state_change] node= task= meta=map[capability:cli_ip capability_id:tool:cli_ip exposure:callable kind:tool scope:builtin security_event:capability_exposure_resolved trust_class:builtin_trusted] msg=capability exposure resolved
workspace 2026/06/15 09:25:48.338655 [state_change] node= task= meta=map[capability:file_read capability_id:tool:file_read exposure:callable kind:tool scope:builtin security_event:capability_exposure_resolved trust_class:builtin_trusted] msg=capability exposure resolved
workspace 2026/06/15 09:25:48.338670 [state_change] node= task= meta=map[capability:cli_paste capability_id:tool:cli_paste exposure:callable kind:tool scope:builtin security_event:capability_exposure_resolved trust_class:builtin_trusted] msg=capability exposure resolved
workspace 2026/06/15 09:25:48.338681 [state_change] node= task= meta=map[capability:cli_df capability_id:tool:cli_df exposure:callable kind:tool scope:builtin security_event:capability_exposure_resolved trust_class:builtin_trusted] msg=capability exposure resolved
workspace 2026/06/15 09:25:48.338692 [state_change] node= task= meta=map[capability:lsp_document_symbols capability_id:tool:lsp_document_symbols exposure:callable kind:tool scope:builtin security_event:capability_exposure_resolved trust_class:builtin_trusted] msg=capability exposure resolved
workspace 2026/06/15 09:25:48.338712 [state_change] node= task= meta=map[capability:cli_mkdir capability_id:tool:cli_mkdir exposure:callable kind:tool scope:builtin security_event:capability_exposure_resolved trust_class:builtin_trusted] msg=capability exposure resolved
workspace 2026/06/15 09:25:48.338723 [state_change] node= task= meta=map[capability:lsp_format capability_id:tool:lsp_format exposure:callable kind:tool scope:builtin security_event:capability_exposure_resolved trust_class:builtin_trusted] msg=capability exposure resolved
workspace 2026/06/15 09:25:48.338734 [state_change] node= task= meta=map[capability:lsp_get_definition capability_id:tool:lsp_get_definition exposure:callable kind:tool scope:builtin security_event:capability_exposure_resolved trust_class:builtin_trusted] msg=capability exposure resolved
workspace 2026/06/15 09:25:48.338745 [state_change] node= task= meta=map[capability:cli_objdump capability_id:tool:cli_objdump exposure:callable kind:tool scope:builtin security_event:capability_exposure_resolved trust_class:builtin_trusted] msg=capability exposure resolved
workspace 2026/06/15 09:25:48.338757 [state_change] node= task= meta=map[capability:cli_sed capability_id:tool:cli_sed exposure:callable kind:tool scope:builtin security_event:capability_exposure_resolved trust_class:builtin_trusted] msg=capability exposure resolved
workspace 2026/06/15 09:25:48.338777 [state_change] node= task= meta=map[capability:cli_wc capability_id:tool:cli_wc exposure:callable kind:tool scope:builtin security_event:capability_exposure_resolved trust_class:builtin_trusted] msg=capability exposure resolved
workspace 2026/06/15 09:25:48.338796 [state_change] node= task= meta=map[capability:cli_cargo capability_id:tool:cli_cargo exposure:callable kind:tool scope:builtin security_event:capability_exposure_resolved trust_class:builtin_trusted] msg=capability exposure resolved
workspace 2026/06/15 09:25:48.338811 [state_change] node= task= meta=map[capability:cli_xz capability_id:tool:cli_xz exposure:callable kind:tool scope:builtin security_event:capability_exposure_resolved trust_class:builtin_trusted] msg=capability exposure resolved
workspace 2026/06/15 09:25:48.338822 [state_change] node= task= meta=map[capability:cli_lsblk capability_id:tool:cli_lsblk exposure:callable kind:tool scope:builtin security_event:capability_exposure_resolved trust_class:builtin_trusted] msg=capability exposure resolved
workspace 2026/06/15 09:25:48.338834 [state_change] node= task= meta=map[capability:cli_at capability_id:tool:cli_at exposure:callable kind:tool scope:builtin security_event:capability_exposure_resolved trust_class:builtin_trusted] msg=capability exposure resolved
workspace 2026/06/15 09:25:48.338849 [state_change] node= task= meta=map[capability:cli_echo capability_id:tool:cli_echo exposure:callable kind:tool scope:builtin security_event:capability_exposure_resolved trust_class:builtin_trusted] msg=capability exposure resolved
workspace 2026/06/15 09:25:48.338859 [state_change] node= task= meta=map[capability:git_commit capability_id:tool:git_commit exposure:callable kind:tool scope:builtin security_event:capability_exposure_resolved trust_class:builtin_trusted] msg=capability exposure resolved
workspace 2026/06/15 09:25:48.338870 [state_change] node= task= meta=map[capability:cli_ag capability_id:tool:cli_ag exposure:callable kind:tool scope:builtin security_event:capability_exposure_resolved trust_class:builtin_trusted] msg=capability exposure resolved
workspace 2026/06/15 09:25:48.338882 [state_change] node= task= meta=map[capability:cli_fd capability_id:tool:cli_fd exposure:callable kind:tool scope:builtin security_event:capability_exposure_resolved trust_class:builtin_trusted] msg=capability exposure resolved
workspace 2026/06/15 09:25:48.338901 [state_change] node= task= meta=map[capability:cli_du capability_id:tool:cli_du exposure:callable kind:tool scope:builtin security_event:capability_exposure_resolved trust_class:builtin_trusted] msg=capability exposure resolved
workspace 2026/06/15 09:25:48.338918 [state_change] node= task= meta=map[capability:cli_rustfmt capability_id:tool:cli_rustfmt exposure:callable kind:tool scope:builtin security_event:capability_exposure_resolved trust_class:builtin_trusted] msg=capability exposure resolved
workspace 2026/06/15 09:25:48.338933 [state_change] node= task= meta=map[capability:pipe_fd_rg capability_id:tool:pipe_fd_rg exposure:callable kind:tool scope:builtin security_event:capability_exposure_resolved trust_class:builtin_trusted] msg=capability exposure resolved
workspace 2026/06/15 09:25:48.338945 [state_change] node= task= meta=map[capability:lsp_search_symbols capability_id:tool:lsp_search_symbols exposure:callable kind:tool scope:builtin security_event:capability_exposure_resolved trust_class:builtin_trusted] msg=capability exposure resolved
workspace 2026/06/15 09:25:48.338955 [state_change] node= task= meta=map[capability:cli_time capability_id:tool:cli_time exposure:callable kind:tool scope:builtin security_event:capability_exposure_resolved trust_class:builtin_trusted] msg=capability exposure resolved
workspace 2026/06/15 09:25:48.338968 [state_change] node= task= meta=map[capability:cli_make capability_id:tool:cli_make exposure:callable kind:tool scope:builtin security_event:capability_exposure_resolved trust_class:builtin_trusted] msg=capability exposure resolved
workspace 2026/06/15 09:25:48.338979 [state_change] node= task= meta=map[capability:cli_uniq capability_id:tool:cli_uniq exposure:callable kind:tool scope:builtin security_event:capability_exposure_resolved trust_class:builtin_trusted] msg=capability exposure resolved
workspace 2026/06/15 09:25:48.338990 [state_change] node= task= meta=map[capability:cli_cut capability_id:tool:cli_cut exposure:callable kind:tool scope:builtin security_event:capability_exposure_resolved trust_class:builtin_trusted] msg=capability exposure resolved
workspace 2026/06/15 09:25:48.339003 [state_change] node= task= meta=map[capability:cli_wget capability_id:tool:cli_wget exposure:callable kind:tool scope:builtin security_event:capability_exposure_resolved trust_class:builtin_trusted] msg=capability exposure resolved
workspace 2026/06/15 09:25:48.339018 [state_change] node= task= meta=map[capability:cli_ex capability_id:tool:cli_ex exposure:callable kind:tool scope:builtin security_event:capability_exposure_resolved trust_class:builtin_trusted] msg=capability exposure resolved
workspace 2026/06/15 09:25:48.339029 [state_change] node= task= meta=map[capability:cli_xxd capability_id:tool:cli_xxd exposure:callable kind:tool scope:builtin security_event:capability_exposure_resolved trust_class:builtin_trusted] msg=capability exposure resolved
workspace 2026/06/15 09:25:48.339040 [state_change] node= task= meta=map[capability:cli_column capability_id:tool:cli_column exposure:callable kind:tool scope:builtin security_event:capability_exposure_resolved trust_class:builtin_trusted] msg=capability exposure resolved
workspace 2026/06/15 09:25:48.339052 [state_change] node= task= meta=map[capability:file_write capability_id:tool:file_write exposure:callable kind:tool scope:builtin security_event:capability_exposure_resolved trust_class:builtin_trusted] msg=capability exposure resolved
workspace 2026/06/15 09:25:48.339071 [state_change] node= task= meta=map[capability:cli_bzip2 capability_id:tool:cli_bzip2 exposure:callable kind:tool scope:builtin security_event:capability_exposure_resolved trust_class:builtin_trusted] msg=capability exposure resolved
workspace 2026/06/15 09:25:48.339087 [state_change] node= task= meta=map[capability:cli_htop capability_id:tool:cli_htop exposure:callable kind:tool scope:builtin security_event:capability_exposure_resolved trust_class:builtin_trusted] msg=capability exposure resolved
workspace 2026/06/15 09:25:48.339097 [state_change] node= task= meta=map[capability:search_semantic capability_id:tool:search_semantic exposure:callable kind:tool scope:builtin security_event:capability_exposure_resolved trust_class:builtin-trusted] msg=capability exposure resolved
workspace 2026/06/15 09:25:48.339112 [state_change] node= task= meta=map[capability:lsp_get_diagnostics capability_id:tool:lsp_get_diagnostics exposure:callable kind:tool scope:builtin security_event:capability_exposure_resolved trust_class:builtin_trusted] msg=capability exposure resolved
workspace 2026/06/15 09:25:48.339123 [state_change] node= task= meta=map[capability:file_delete capability_id:tool:file_delete exposure:callable kind:tool scope:builtin security_event:capability_exposure_resolved trust_class:builtin_trusted] msg=capability exposure resolved
workspace 2026/06/15 09:25:48.339137 [state_change] node= task= meta=map[capability:cli_colordiff capability_id:tool:cli_colordiff exposure:callable kind:tool scope:builtin security_event:capability_exposure_resolved trust_class:builtin_trusted] msg=capability exposure resolved
workspace 2026/06/15 09:25:48.339147 [state_change] node= task= meta=map[capability:cli_yq capability_id:tool:cli_yq exposure:callable kind:tool scope:builtin security_event:capability_exposure_resolved trust_class:builtin_trusted] msg=capability exposure resolved
workspace 2026/06/15 09:25:48.339158 [state_change] node= task= meta=map[capability:cli_tr capability_id:tool:cli_tr exposure:callable kind:tool scope:builtin security_event:capability_exposure_resolved trust_class:builtin_trusted] msg=capability exposure resolved
workspace 2026/06/15 09:25:48.339171 [state_change] node= task= meta=map[capability:cli_go capability_id:tool:cli_go exposure:callable kind:tool scope:builtin security_event:capability_exposure_resolved trust_class:builtin_trusted] msg=capability exposure resolved
workspace 2026/06/15 09:25:48.339187 [state_change] node= task= meta=map[capability:cli_sort capability_id:tool:cli_sort exposure:callable kind:tool scope:builtin security_event:capability_exposure_resolved trust_class:builtin_trusted] msg=capability exposure resolved
workspace 2026/06/15 09:25:48.339198 [state_change] node= task= meta=map[capability:cli_curl capability_id:tool:cli_curl exposure:callable kind:tool scope:builtin security_event:capability_exposure_resolved trust_class:builtin_trusted] msg=capability exposure resolved
workspace 2026/06/15 09:25:48.339208 [state_change] node= task= meta=map[capability:cli_touch capability_id:tool:cli_touch exposure:callable kind:tool scope:builtin security_event:capability_exposure_resolved trust_class:builtin_trusted] msg=capability exposure resolved
workspace 2026/06/15 09:25:48.339225 [state_change] node= task= meta=map[capability:git_blame capability_id:tool:git_blame exposure:callable kind:tool scope:builtin security_event:capability_exposure_resolved trust_class:builtin_trusted] msg=capability exposure resolved
workspace 2026/06/15 09:25:48.339238 [state_change] node= task= meta=map[capability:go_test capability_id:tool:go_test exposure:callable kind:tool scope:builtin security_event:capability_exposure_resolved trust_class:builtin_trusted] msg=capability exposure resolved
workspace 2026/06/15 09:25:48.339254 [state_change] node= task= meta=map[capability:cli_rg capability_id:tool:cli_rg exposure:callable kind:tool scope:builtin security_event:capability_exposure_resolved trust_class:builtin_trusted] msg=capability exposure resolved
workspace 2026/06/15 09:25:48.339264 [state_change] node= task= meta=map[capability:cli_nc capability_id:tool:cli_nc exposure:callable kind:tool scope:builtin security_event:capability_exposure_resolved trust_class:builtin_trusted] msg=capability exposure resolved
workspace 2026/06/15 09:25:48.339275 [state_change] node= task= meta=map[capability:cli_tree capability_id:tool:cli_tree exposure:callable kind:tool scope:builtin security_event:capability_exposure_resolved trust_class:builtin_trusted] msg=capability exposure resolved
workspace 2026/06/15 09:25:48.339287 [state_change] node= task= meta=map[capability:cli_nslookup capability_id:tool:cli_nslookup exposure:callable kind:tool scope:builtin security_event:capability_exposure_resolved trust_class:builtin_trusted] msg=capability exposure resolved
workspace 2026/06/15 09:25:48.339303 [state_change] node= task= meta=map[capability:file_list capability_id:tool:file_list exposure:callable kind:tool scope:builtin security_event:capability_exposure_resolved trust_class:builtin_trusted] msg=capability exposure resolved
workspace 2026/06/15 09:25:48.339314 [state_change] node= task= meta=map[capability:cli_gdb capability_id:tool:cli_gdb exposure:callable kind:tool scope:builtin security_event:capability_exposure_resolved trust_class:builtin_trusted] msg=capability exposure resolved
workspace 2026/06/15 09:25:48.339324 [state_change] node= task= meta=map[capability:cli_npm capability_id:tool:cli_npm exposure:callable kind:tool scope:builtin security_event:capability_exposure_resolved trust_class:builtin_trusted] msg=capability exposure resolved
workspace 2026/06/15 09:25:48.339336 [state_change] node= task= meta=map[capability:cli_diff capability_id:tool:cli_diff exposure:callable kind:tool scope:builtin security_event:capability_exposure_resolved trust_class:builtin_trusted] msg=capability exposure resolved
workspace 2026/06/15 09:25:48.339355 [state_change] node= task= meta=map[capability:cli_lsof capability_id:tool:cli_lsof exposure:callable kind:tool scope:builtin security_event:capability_exposure_resolved trust_class:builtin_trusted] msg=capability exposure resolved
workspace 2026/06/15 09:25:48.339372 [state_change] node= task= meta=map[capability:cli_node capability_id:tool:cli_node exposure:callable kind:tool scope:builtin security_event:capability_exposure_resolved trust_class:builtin_trusted] msg=capability exposure resolved
workspace 2026/06/15 09:25:48.339385 [state_change] node= task= meta=map[capability:cli_ping capability_id:tool:cli_ping exposure:callable kind:tool scope:builtin security_event:capability_exposure_resolved trust_class:builtin_trusted] msg=capability exposure resolved
workspace 2026/06/15 09:25:48.339396 [state_change] node= task= meta=map[capability:cli_strace capability_id:tool:cli_strace exposure:callable kind:tool scope:builtin security_event:capability_exposure_resolved trust_class:builtin_trusted] msg=capability exposure resolved
workspace 2026/06/15 09:25:48.339407 [state_change] node= task= meta=map[capability:cli_pkg_config capability_id:tool:cli_pkg_config exposure:callable kind:tool scope:builtin security_event:capability_exposure_resolved trust_class:builtin_trusted] msg=capability exposure resolved
workspace 2026/06/15 09:25:48.339424 [state_change] node= task= meta=map[capability:cli_systemctl capability_id:tool:cli_systemctl exposure:callable kind:tool scope:builtin security_event:capability_exposure_resolved trust_class:builtin_trusted] msg=capability exposure resolved
workspace 2026/06/15 09:25:48.339435 [state_change] node= task= meta=map[capability:git_branch capability_id:tool:git_branch exposure:callable kind:tool scope:builtin security_event:capability_exposure_resolved trust_class:builtin_trusted] msg=capability exposure resolved
workspace 2026/06/15 09:25:48.339445 [state_change] node= task= meta=map[capability:cli_locate capability_id:tool:cli_locate exposure:callable kind:tool scope:builtin security_event:capability_exposure_resolved trust_class:builtin_trusted] msg=capability exposure resolved
workspace 2026/06/15 09:25:48.339456 [state_change] node= task= meta=map[capability:lsp_get_references capability_id:tool:lsp_get_references exposure:callable kind:tool scope:builtin security_event:capability_exposure_resolved trust_class:builtin_trusted] msg=capability exposure resolved
workspace 2026/06/15 09:25:48.339469 [state_change] node= task= meta=map[capability:file_create capability_id:tool:file_create exposure:callable kind:tool scope:builtin security_event:capability_exposure_resolved trust_class:builtin_trusted] msg=capability exposure resolved
workspace 2026/06/15 09:25:48.339480 [state_change] node= task= meta=map[capability:search_grep capability_id:tool:search_grep exposure:callable kind:tool scope:builtin security_event:capability_exposure_resolved trust_class:builtin_trusted] msg=capability exposure resolved
workspace 2026/06/15 09:25:48.339495 [state_change] node= task= meta=map[capability:cli_perl capability_id:tool:cli_perl exposure:callable kind:tool scope:builtin security_event:capability_exposure_resolved trust_class:builtin_trusted] msg=capability exposure resolved
workspace 2026/06/15 09:25:48.339510 [state_change] node= task= meta=map[capability:cli_find capability_id:tool:cli_find exposure:callable kind:tool scope:builtin security_event:capability_exposure_resolved trust_class:builtin_trusted] msg=capability exposure resolved
workspace 2026/06/15 09:25:48.339524 [state_change] node= task= meta=map[capability:cli_ps capability_id:tool:cli_ps exposure:callable kind:tool scope:builtin security_event:capability_exposure_resolved trust_class:builtin_trusted] msg=capability exposure resolved
workspace 2026/06/15 09:25:48.339538 [state_change] node= task= meta=map[capability:git_diff capability_id:tool:git_diff exposure:callable kind:tool scope:builtin security_event:capability_exposure_resolved trust_class:builtin_trusted] msg=capability exposure resolved
workspace 2026/06/15 09:25:48.339549 [state_change] node= task= meta=map[capability:cli_top capability_id:tool:cli_top exposure:callable kind:tool scope:builtin security_event:capability_exposure_resolved trust_class:builtin_trusted] msg=capability exposure resolved
workspace 2026/06/15 09:25:48.339559 [state_change] node= task= meta=map[capability:cli_uptime capability_id:tool:cli_uptime exposure:callable kind:tool scope:builtin security_event:capability_exposure_resolved trust_class:builtin_trusted] msg=capability exposure resolved
workspace 2026/06/15 09:25:48.339571 [state_change] node= task= meta=map[capability:cli_awk capability_id:tool:cli_awk exposure:callable kind:tool scope:builtin security_event:capability_exposure_resolved trust_class:builtin_trusted] msg=capability exposure resolved
workspace 2026/06/15 09:25:48.339582 [state_change] node= task= meta=map[capability:query_ast capability_id:tool:query_ast exposure:callable kind:tool scope:builtin security_event:capability_exposure_resolved trust_class:builtin-trusted] msg=capability exposure resolved
workspace 2026/06/15 09:25:48.339600 [state_change] node= task= meta=map[capability:cli_file capability_id:tool:cli_file exposure:callable kind:tool scope:builtin security_event:capability_exposure_resolved trust_class:builtin_trusted] msg=capability exposure resolved
workspace 2026/06/15 09:25:48.339611 [state_change] node= task= meta=map[capability:cli_perf capability_id:tool:cli_perf exposure:callable kind:tool scope:builtin security_event:capability_exposure_resolved trust_class:builtin_trusted] msg=capability exposure resolved
workspace 2026/06/15 09:25:48.339622 [state_change] node= task= meta=map[capability:cli_python capability_id:tool:cli_python exposure:callable kind:tool scope:builtin security_event:capability_exposure_resolved trust_class:builtin_trusted] msg=capability exposure resolved
2026/06/15 09:25:48 WARN config: RELURPIFY_LLM_API_KEY is not set; provider auth may fail
2026/06/15 09:25:48 INFO config loaded workspace_root=/home/lex/Public/relurpify model_provider=ollama model_name=gemma4:e4b sandbox_backend=gvisor tools_loaded=99 strict_mode=false config_fingerprint=sha256:79d15403e04cfa6fb78712e13a2a25da8ebfdfdef1b052013769d5bb7df9e113
2026/06/15 09:25:48 WARN config: RELURPIFY_LLM_API_KEY is not set; provider auth may fail
2026/06/15 09:25:48 INFO config loaded workspace_root=/home/lex/Public/relurpify model_provider=ollama model_name=gemma4:e4b sandbox_backend=gvisor tools_loaded=99 strict_mode=false config_fingerprint=sha256:79d15403e04cfa6fb78712e13a2a25da8ebfdfdef1b052013769d5bb7df9e113
2026/06/15 09:25:48 WARN config: RELURPIFY_LLM_API_KEY is not set; provider auth may fail
2026/06/15 09:25:48 INFO config loaded workspace_root=/home/lex/Public/relurpify model_provider=ollama model_name=gemma4:e4b sandbox_backend=gvisor tools_loaded=99 strict_mode=false config_fingerprint=sha256:79d15403e04cfa6fb78712e13a2a25da8ebfdfdef1b052013769d5bb7df9e113
2026/06/15 09:25:48 WARN config: RELURPIFY_LLM_API_KEY is not set; provider auth may fail
2026/06/15 09:25:48 INFO config loaded workspace_root=/home/lex/Public/relurpify model_provider=ollama model_name=gemma4:e4b sandbox_backend=gvisor tools_loaded=99 strict_mode=false config_fingerprint=sha256:79d15403e04cfa6fb78712e13a2a25da8ebfdfdef1b052013769d5bb7df9e113
2026/06/15 09:25:48 WARN config: RELURPIFY_LLM_API_KEY is not set; provider auth may fail
2026/06/15 09:25:48 INFO config loaded workspace_root=/home/lex/Public/relurpify model_provider=ollama model_name=gemma4:e4b sandbox_backend=gvisor tools_loaded=99 strict_mode=false config_fingerprint=sha256:79d15403e04cfa6fb78712e13a2a25da8ebfdfdef1b052013769d5bb7df9e113
2026/06/15 09:25:48 WARN config: RELURPIFY_LLM_API_KEY is not set; provider auth may fail
2026/06/15 09:25:48 INFO config loaded workspace_root=/home/lex/Public/relurpify model_provider=ollama model_name=gemma4:e4b sandbox_backend=gvisor tools_loaded=99 strict_mode=false config_fingerprint=sha256:79d15403e04cfa6fb78712e13a2a25da8ebfdfdef1b052013769d5bb7df9e113
2026/06/15 09:25:48 WARN config: RELURPIFY_LLM_API_KEY is not set; provider auth may fail
2026/06/15 09:25:48 INFO config loaded workspace_root=/home/lex/Public/relurpify model_provider=ollama model_name=gemma4:e4b sandbox_backend=gvisor tools_loaded=99 strict_mode=false config_fingerprint=sha256:79d15403e04cfa6fb78712e13a2a25da8ebfdfdef1b052013769d5bb7df9e113
2026/06/15 09:25:48 WARN config: RELURPIFY_LLM_API_KEY is not set; provider auth may fail
2026/06/15 09:25:48 INFO config loaded workspace_root=/home/lex/Public/relurpify model_provider=ollama model_name=gemma4:e4b sandbox_backend=gvisor tools_loaded=99 strict_mode=false config_fingerprint=sha256:79d15403e04cfa6fb78712e13a2a25da8ebfdfdef1b052013769d5bb7df9e113
2026/06/15 09:25:48 WARN config: RELURPIFY_LLM_API_KEY is not set; provider auth may fail
2026/06/15 09:25:48 INFO config loaded workspace_root=/home/lex/Public/relurpify model_provider=ollama model_name=gemma4:e4b sandbox_backend=gvisor tools_loaded=99 strict_mode=false config_fingerprint=sha256:79d15403e04cfa6fb78712e13a2a25da8ebfdfdef1b052013769d5bb7df9e113
2026/06/15 09:25:48 WARN config: RELURPIFY_LLM_API_KEY is not set; provider auth may fail
2026/06/15 09:25:48 INFO config loaded workspace_root=/home/lex/Public/relurpify model_provider=ollama model_name=gemma4:e4b sandbox_backend=gvisor tools_loaded=99 strict_mode=false config_fingerprint=sha256:79d15403e04cfa6fb78712e13a2a25da8ebfdfdef1b052013769d5bb7df9e113
workspace 2026/06/15 09:32:45.275324 [state_change] node= task= meta=map[capability:bash capability_id:tool:bash exposure:callable kind:tool scope:builtin security_event:capability_exposure_resolved trust_class:builtin_trusted] msg=capability exposure resolved
workspace 2026/06/15 09:32:45.275415 [state_change] node= task= meta=map[capability:cli_tree capability_id:tool:cli_tree exposure:callable kind:tool scope:builtin security_event:capability_exposure_resolved trust_class:builtin_trusted] msg=capability exposure resolved
workspace 2026/06/15 09:32:45.275430 [state_change] node= task= meta=map[capability:cli_objdump capability_id:tool:cli_objdump exposure:callable kind:tool scope:builtin security_event:capability_exposure_resolved trust_class:builtin_trusted] msg=capability exposure resolved
workspace 2026/06/15 09:32:45.275442 [state_change] node= task= meta=map[capability:file_search capability_id:tool:file_search exposure:callable kind:tool scope:builtin security_event:capability_exposure_resolved trust_class:builtin_trusted] msg=capability exposure resolved
workspace 2026/06/15 09:32:45.275461 [state_change] node= task= meta=map[capability:file_delete capability_id:tool:file_delete exposure:callable kind:tool scope:builtin security_event:capability_exposure_resolved trust_class:builtin_trusted] msg=capability exposure resolved
workspace 2026/06/15 09:32:45.275472 [state_change] node= task= meta=map[capability:cli_yq capability_id:tool:cli_yq exposure:callable kind:tool scope:builtin security_event:capability_exposure_resolved trust_class:builtin_trusted] msg=capability exposure resolved
workspace 2026/06/15 09:32:45.275488 [state_change] node= task= meta=map[capability:cli_ex capability_id:tool:cli_ex exposure:callable kind:tool scope:builtin security_event:capability_exposure_resolved trust_class:builtin_trusted] msg=capability exposure resolved
workspace 2026/06/15 09:32:45.275499 [state_change] node= task= meta=map[capability:cli_nslookup capability_id:tool:cli_nslookup exposure:callable kind:tool scope:builtin security_event:capability_exposure_resolved trust_class:builtin_trusted] msg=capability exposure resolved
workspace 2026/06/15 09:32:45.275509 [state_change] node= task= meta=map[capability:cli_ip capability_id:tool:cli_ip exposure:callable kind:tool scope:builtin security_event:capability_exposure_resolved trust_class:builtin_trusted] msg=capability exposure resolved
workspace 2026/06/15 09:32:45.275518 [state_change] node= task= meta=map[capability:cli_htop capability_id:tool:cli_htop exposure:callable kind:tool scope:builtin security_event:capability_exposure_resolved trust_class:builtin_trusted] msg=capability exposure resolved
workspace 2026/06/15 09:32:45.275528 [state_change] node= task= meta=map[capability:cli_ps capability_id:tool:cli_ps exposure:callable kind:tool scope:builtin security_event:capability_exposure_resolved trust_class:builtin_trusted] msg=capability exposure resolved
workspace 2026/06/15 09:32:45.275542 [state_change] node= task= meta=map[capability:cli_nc capability_id:tool:cli_nc exposure:callable kind:tool scope:builtin security_event:capability_exposure_resolved trust_class:builtin_trusted] msg=capability exposure resolved
workspace 2026/06/15 09:32:45.275552 [state_change] node= task= meta=map[capability:cli_top capability_id:tool:cli_top exposure:callable kind:tool scope:builtin security_event:capability_exposure_resolved trust_class:builtin_trusted] msg=capability exposure resolved
workspace 2026/06/15 09:32:45.275562 [state_change] node= task= meta=map[capability:cli_column capability_id:tool:cli_column exposure:callable kind:tool scope:builtin security_event:capability_exposure_resolved trust_class:builtin_trusted] msg=capability exposure resolved
workspace 2026/06/15 09:32:45.275571 [state_change] node= task= meta=map[capability:cli_diff capability_id:tool:cli_diff exposure:callable kind:tool scope:builtin security_event:capability_exposure_resolved trust_class:builtin_trusted] msg=capability exposure resolved
workspace 2026/06/15 09:32:45.275581 [state_change] node= task= meta=map[capability:cli_rev capability_id:tool:cli_rev exposure:callable kind:tool scope:builtin security_event:capability_exposure_resolved trust_class:builtin_trusted] msg=capability exposure resolved
workspace 2026/06/15 09:32:45.275590 [state_change] node= task= meta=map[capability:cli_go capability_id:tool:cli_go exposure:callable kind:tool scope:builtin security_event:capability_exposure_resolved trust_class:builtin_trusted] msg=capability exposure resolved
workspace 2026/06/15 09:32:45.275604 [state_change] node= task= meta=map[capability:cli_file capability_id:tool:cli_file exposure:callable kind:tool scope:builtin security_event:capability_exposure_resolved trust_class:builtin_trusted] msg=capability exposure resolved
workspace 2026/06/15 09:32:45.275613 [state_change] node= task= meta=map[capability:cli_gdb capability_id:tool:cli_gdb exposure:callable kind:tool scope:builtin security_event:capability_exposure_resolved trust_class:builtin_trusted] msg=capability exposure resolved
workspace 2026/06/15 09:32:45.275622 [state_change] node= task= meta=map[capability:cli_crontab capability_id:tool:cli_crontab exposure:callable kind:tool scope:builtin security_event:capability_exposure_resolved trust_class:builtin_trusted] msg=capability exposure resolved
workspace 2026/06/15 09:32:45.275639 [state_change] node= task= meta=map[capability:cli_tar capability_id:tool:cli_tar exposure:callable kind:tool scope:builtin security_event:capability_exposure_resolved trust_class:builtin_trusted] msg=capability exposure resolved
workspace 2026/06/15 09:32:45.275648 [state_change] node= task= meta=map[capability:cli_perf capability_id:tool:cli_perf exposure:callable kind:tool scope:builtin security_event:capability_exposure_resolved trust_class:builtin_trusted] msg=capability exposure resolved
workspace 2026/06/15 09:32:45.275665 [state_change] node= task= meta=map[capability:cli_comm capability_id:tool:cli_comm exposure:callable kind:tool scope:builtin security_event:capability_exposure_resolved trust_class:builtin_trusted] msg=capability exposure resolved
workspace 2026/06/15 09:32:45.275674 [state_change] node= task= meta=map[capability:lsp_get_definition capability_id:tool:lsp_get_definition exposure:callable kind:tool scope:builtin security_event:capability_exposure_resolved trust_class:builtin_trusted] msg=capability exposure resolved
workspace 2026/06/15 09:32:45.275685 [state_change] node= task= meta=map[capability:cli_mkdir capability_id:tool:cli_mkdir exposure:callable kind:tool scope:builtin security_event:capability_exposure_resolved trust_class:builtin_trusted] msg=capability exposure resolved
workspace 2026/06/15 09:32:45.275695 [state_change] node= task= meta=map[capability:cli_wget capability_id:tool:cli_wget exposure:callable kind:tool scope:builtin security_event:capability_exposure_resolved trust_class:builtin_trusted] msg=capability exposure resolved
workspace 2026/06/15 09:32:45.275704 [state_change] node= task= meta=map[capability:cli_xz capability_id:tool:cli_xz exposure:callable kind:tool scope:builtin security_event:capability_exposure_resolved trust_class:builtin_trusted] msg=capability exposure resolved
workspace 2026/06/15 09:32:45.275713 [state_change] node= task= meta=map[capability:cli_ss capability_id:tool:cli_ss exposure:callable kind:tool scope:builtin security_event:capability_exposure_resolved trust_class:builtin_trusted] msg=capability exposure resolved
workspace 2026/06/15 09:32:45.275722 [state_change] node= task= meta=map[capability:cli_echo capability_id:tool:cli_echo exposure:callable kind:tool scope:builtin security_event:capability_exposure_resolved trust_class:builtin_trusted] msg=capability exposure resolved
workspace 2026/06/15 09:32:45.275732 [state_change] node= task= meta=map[capability:file_write capability_id:tool:file_write exposure:callable kind:tool scope:builtin security_event:capability_exposure_resolved trust_class:builtin_trusted] msg=capability exposure resolved
workspace 2026/06/15 09:32:45.275746 [state_change] node= task= meta=map[capability:cli_systemctl capability_id:tool:cli_systemctl exposure:callable kind:tool scope:builtin security_event:capability_exposure_resolved trust_class:builtin_trusted] msg=capability exposure resolved
workspace 2026/06/15 09:32:45.275755 [state_change] node= task= meta=map[capability:cli_bzip2 capability_id:tool:cli_bzip2 exposure:callable kind:tool scope:builtin security_event:capability_exposure_resolved trust_class:builtin_trusted] msg=capability exposure resolved
workspace 2026/06/15 09:32:45.275763 [state_change] node= task= meta=map[capability:git_history capability_id:tool:git_history exposure:callable kind:tool scope:builtin security_event:capability_exposure_resolved trust_class:builtin_trusted] msg=capability exposure resolved
workspace 2026/06/15 09:32:45.275776 [state_change] node= task= meta=map[capability:cli_lsblk capability_id:tool:cli_lsblk exposure:callable kind:tool scope:builtin security_event:capability_exposure_resolved trust_class:builtin_trusted] msg=capability exposure resolved
workspace 2026/06/15 09:32:45.275785 [state_change] node= task= meta=map[capability:cli_at capability_id:tool:cli_at exposure:callable kind:tool scope:builtin security_event:capability_exposure_resolved trust_class:builtin_trusted] msg=capability exposure resolved
workspace 2026/06/15 09:32:45.275803 [state_change] node= task= meta=map[capability:lsp_search_symbols capability_id:tool:lsp_search_symbols exposure:callable kind:tool scope:builtin security_event:capability_exposure_resolved trust_class:builtin_trusted] msg=capability exposure resolved
workspace 2026/06/15 09:32:45.275813 [state_change] node= task= meta=map[capability:lsp_get_diagnostics capability_id:tool:lsp_get_diagnostics exposure:callable kind:tool scope:builtin security_event:capability_exposure_resolved trust_class:builtin_trusted] msg=capability exposure resolved
workspace 2026/06/15 09:32:45.275828 [state_change] node= task= meta=map[capability:cli_rustfmt capability_id:tool:cli_rustfmt exposure:callable kind:tool scope:builtin security_event:capability_exposure_resolved trust_class:builtin_trusted] msg=capability exposure resolved
workspace 2026/06/15 09:32:45.275837 [state_change] node= task= meta=map[capability:git_commit capability_id:tool:git_commit exposure:callable kind:tool scope:builtin security_event:capability_exposure_resolved trust_class:builtin_trusted] msg=capability exposure resolved
workspace 2026/06/15 09:32:45.275846 [state_change] node= task= meta=map[capability:search_grep capability_id:tool:search_grep exposure:callable kind:tool scope:builtin security_event:capability_exposure_resolved trust_class:builtin_trusted] msg=capability exposure resolved
workspace 2026/06/15 09:32:45.275854 [state_change] node= task= meta=map[capability:cli_colordiff capability_id:tool:cli_colordiff exposure:callable kind:tool scope:builtin security_event:capability_exposure_resolved trust_class:builtin_trusted] msg=capability exposure resolved
workspace 2026/06/15 09:32:45.275869 [state_change] node= task= meta=map[capability:git_branch capability_id:tool:git_branch exposure:callable kind:tool scope:builtin security_event:capability_exposure_resolved trust_class:builtin_trusted] msg=capability exposure resolved
workspace 2026/06/15 09:32:45.275878 [state_change] node= task= meta=map[capability:cli_ping capability_id:tool:cli_ping exposure:callable kind:tool scope:builtin security_event:capability_exposure_resolved trust_class:builtin_trusted] msg=capability exposure resolved
workspace 2026/06/15 09:32:45.275890 [state_change] node= task= meta=map[capability:cli_make capability_id:tool:cli_make exposure:callable kind:tool scope:builtin security_event:capability_exposure_resolved trust_class:builtin_trusted] msg=capability exposure resolved
workspace 2026/06/15 09:32:45.275899 [state_change] node= task= meta=map[capability:pipe_fd_rg capability_id:tool:pipe_fd_rg exposure:callable kind:tool scope:builtin security_event:capability_exposure_resolved trust_class:builtin_trusted] msg=capability exposure resolved
workspace 2026/06/15 09:32:45.275911 [state_change] node= task= meta=map[capability:cli_dig capability_id:tool:cli_dig exposure:callable kind:tool scope:builtin security_event:capability_exposure_resolved trust_class:builtin_trusted] msg=capability exposure resolved
workspace 2026/06/15 09:32:45.275920 [state_change] node= task= meta=map[capability:cli_npm capability_id:tool:cli_npm exposure:callable kind:tool scope:builtin security_event:capability_exposure_resolved trust_class:builtin_trusted] msg=capability exposure resolved
workspace 2026/06/15 09:32:45.275929 [state_change] node= task= meta=map[capability:lsp_get_hover capability_id:tool:lsp_get_hover exposure:callable kind:tool scope:builtin security_event:capability_exposure_resolved trust_class:builtin_trusted] msg=capability exposure resolved
workspace 2026/06/15 09:32:45.275938 [state_change] node= task= meta=map[capability:lsp_get_references capability_id:tool:lsp_get_references exposure:callable kind:tool scope:builtin security_event:capability_exposure_resolved trust_class:builtin_trusted] msg=capability exposure resolved
workspace 2026/06/15 09:32:45.275948 [state_change] node= task= meta=map[capability:cli_ldd capability_id:tool:cli_ldd exposure:callable kind:tool scope:builtin security_event:capability_exposure_resolved trust_class:builtin_trusted] msg=capability exposure resolved
workspace 2026/06/15 09:32:45.275957 [state_change] node= task= meta=map[capability:cli_patch capability_id:tool:cli_patch exposure:callable kind:tool scope:builtin security_event:capability_exposure_resolved trust_class:builtin_trusted] msg=capability exposure resolved
workspace 2026/06/15 09:32:45.275966 [state_change] node= task= meta=map[capability:cli_tr capability_id:tool:cli_tr exposure:callable kind:tool scope:builtin security_event:capability_exposure_resolved trust_class:builtin_trusted] msg=capability exposure resolved
workspace 2026/06/15 09:32:45.275979 [state_change] node= task= meta=map[capability:cli_strace capability_id:tool:cli_strace exposure:callable kind:tool scope:builtin security_event:capability_exposure_resolved trust_class:builtin_trusted] msg=capability exposure resolved
workspace 2026/06/15 09:32:45.275988 [state_change] node= task= meta=map[capability:lsp_document_symbols capability_id:tool:lsp_document_symbols exposure:callable kind:tool scope:builtin security_event:capability_exposure_resolved trust_class:builtin_trusted] msg=capability exposure resolved
workspace 2026/06/15 09:32:45.275996 [state_change] node= task= meta=map[capability:cli_curl capability_id:tool:cli_curl exposure:callable kind:tool scope:builtin security_event:capability_exposure_resolved trust_class:builtin_trusted] msg=capability exposure resolved
workspace 2026/06/15 09:32:45.276005 [state_change] node= task= meta=map[capability:cli_rg capability_id:tool:cli_rg exposure:callable kind:tool scope:builtin security_event:capability_exposure_resolved trust_class:builtin_trusted] msg=capability exposure resolved
workspace 2026/06/15 09:32:45.276023 [state_change] node= task= meta=map[capability:cli_node capability_id:tool:cli_node exposure:callable kind:tool scope:builtin security_event:capability_exposure_resolved trust_class:builtin_trusted] msg=capability exposure resolved
workspace 2026/06/15 09:32:45.276033 [state_change] node= task= meta=map[capability:cli_xxd capability_id:tool:cli_xxd exposure:callable kind:tool scope:builtin security_event:capability_exposure_resolved trust_class:builtin_trusted] msg=capability exposure resolved
workspace 2026/06/15 09:32:45.276041 [state_change] node= task= meta=map[capability:cli_ed capability_id:tool:cli_ed exposure:callable kind:tool scope:builtin security_event:capability_exposure_resolved trust_class:builtin_trusted] msg=capability exposure resolved
workspace 2026/06/15 09:32:45.276050 [state_change] node= task= meta=map[capability:cli_ag capability_id:tool:cli_ag exposure:callable kind:tool scope:builtin security_event:capability_exposure_resolved trust_class:builtin_trusted] msg=capability exposure resolved
workspace 2026/06/15 09:32:45.276062 [state_change] node= task= meta=map[capability:cli_python capability_id:tool:cli_python exposure:callable kind:tool scope:builtin security_event:capability_exposure_resolved trust_class:builtin_trusted] msg=capability exposure resolved
workspace 2026/06/15 09:32:45.276071 [state_change] node= task= meta=map[capability:cli_locate capability_id:tool:cli_locate exposure:callable kind:tool scope:builtin security_event:capability_exposure_resolved trust_class:builtin_trusted] msg=capability exposure resolved
workspace 2026/06/15 09:32:45.276080 [state_change] node= task= meta=map[capability:cli_sort capability_id:tool:cli_sort exposure:callable kind:tool scope:builtin security_event:capability_exposure_resolved trust_class:builtin_trusted] msg=capability exposure resolved
workspace 2026/06/15 09:32:45.276093 [state_change] node= task= meta=map[capability:file_list capability_id:tool:file_list exposure:callable kind:tool scope:builtin security_event:capability_exposure_resolved trust_class:builtin_trusted] msg=capability exposure resolved
workspace 2026/06/15 09:32:45.276102 [state_change] node= task= meta=map[capability:cli_df capability_id:tool:cli_df exposure:callable kind:tool scope:builtin security_event:capability_exposure_resolved trust_class:builtin_trusted] msg=capability exposure resolved
workspace 2026/06/15 09:32:45.276111 [state_change] node= task= meta=map[capability:cli_sed capability_id:tool:cli_sed exposure:callable kind:tool scope:builtin security_event:capability_exposure_resolved trust_class:builtin_trusted] msg=capability exposure resolved
workspace 2026/06/15 09:32:45.276119 [state_change] node= task= meta=map[capability:cli_find capability_id:tool:cli_find exposure:callable kind:tool scope:builtin security_event:capability_exposure_resolved trust_class:builtin_trusted] msg=capability exposure resolved
workspace 2026/06/15 09:32:45.276134 [state_change] node= task= meta=map[capability:cli_fd capability_id:tool:cli_fd exposure:callable kind:tool scope:builtin security_event:capability_exposure_resolved trust_class:builtin_trusted] msg=capability exposure resolved
workspace 2026/06/15 09:32:45.276143 [state_change] node= task= meta=map[capability:cli_git capability_id:tool:cli_git exposure:callable kind:tool scope:builtin security_event:capability_exposure_resolved trust_class:builtin_trusted] msg=capability exposure resolved
workspace 2026/06/15 09:32:45.276156 [state_change] node= task= meta=map[capability:cli_uptime capability_id:tool:cli_uptime exposure:callable kind:tool scope:builtin security_event:capability_exposure_resolved trust_class:builtin_trusted] msg=capability exposure resolved
workspace 2026/06/15 09:32:45.276165 [state_change] node= task= meta=map[capability:cli_stat capability_id:tool:cli_stat exposure:callable kind:tool scope:builtin security_event:capability_exposure_resolved trust_class:builtin_trusted] msg=capability exposure resolved
workspace 2026/06/15 09:32:45.276173 [state_change] node= task= meta=map[capability:cli_touch capability_id:tool:cli_touch exposure:callable kind:tool scope:builtin security_event:capability_exposure_resolved trust_class:builtin_trusted] msg=capability exposure resolved
workspace 2026/06/15 09:32:45.276182 [state_change] node= task= meta=map[capability:file_create capability_id:tool:file_create exposure:callable kind:tool scope:builtin security_event:capability_exposure_resolved trust_class:builtin_trusted] msg=capability exposure resolved
workspace 2026/06/15 09:32:45.276194 [state_change] node= task= meta=map[capability:lsp_format capability_id:tool:lsp_format exposure:callable kind:tool scope:builtin security_event:capability_exposure_resolved trust_class:builtin_trusted] msg=capability exposure resolved
workspace 2026/06/15 09:32:45.276205 [state_change] node= task= meta=map[capability:cli_cargo capability_id:tool:cli_cargo exposure:callable kind:tool scope:builtin security_event:capability_exposure_resolved trust_class:builtin_trusted] msg=capability exposure resolved
workspace 2026/06/15 09:32:45.276215 [state_change] node= task= meta=map[capability:search_find_similar capability_id:tool:search_find_similar exposure:callable kind:tool scope:builtin security_event:capability_exposure_resolved trust_class:builtin-trusted] msg=capability exposure resolved
workspace 2026/06/15 09:32:45.276223 [state_change] node= task= meta=map[capability:cli_valgrind capability_id:tool:cli_valgrind exposure:callable kind:tool scope:builtin security_event:capability_exposure_resolved trust_class:builtin_trusted] msg=capability exposure resolved
workspace 2026/06/15 09:32:45.276232 [state_change] node= task= meta=map[capability:cli_cut capability_id:tool:cli_cut exposure:callable kind:tool scope:builtin security_event:capability_exposure_resolved trust_class:builtin_trusted] msg=capability exposure resolved
workspace 2026/06/15 09:32:45.276244 [state_change] node= task= meta=map[capability:go_test capability_id:tool:go_test exposure:callable kind:tool scope:builtin security_event:capability_exposure_resolved trust_class:builtin_trusted] msg=capability exposure resolved
workspace 2026/06/15 09:32:45.276252 [state_change] node= task= meta=map[capability:cli_hexdump capability_id:tool:cli_hexdump exposure:callable kind:tool scope:builtin security_event:capability_exposure_resolved trust_class:builtin_trusted] msg=capability exposure resolved
workspace 2026/06/15 09:32:45.276261 [state_change] node= task= meta=map[capability:cli_paste capability_id:tool:cli_paste exposure:callable kind:tool scope:builtin security_event:capability_exposure_resolved trust_class:builtin_trusted] msg=capability exposure resolved
workspace 2026/06/15 09:32:45.276270 [state_change] node= task= meta=map[capability:cli_jq capability_id:tool:cli_jq exposure:callable kind:tool scope:builtin security_event:capability_exposure_resolved trust_class:builtin_trusted] msg=capability exposure resolved
workspace 2026/06/15 09:32:45.276284 [state_change] node= task= meta=map[capability:cli_wc capability_id:tool:cli_wc exposure:callable kind:tool scope:builtin security_event:capability_exposure_resolved trust_class:builtin_trusted] msg=capability exposure resolved
workspace 2026/06/15 09:32:45.276293 [state_change] node= task= meta=map[capability:cli_gzip capability_id:tool:cli_gzip exposure:callable kind:tool scope:builtin security_event:capability_exposure_resolved trust_class:builtin_trusted] msg=capability exposure resolved
workspace 2026/06/15 09:32:45.276302 [state_change] node= task= meta=map[capability:cli_perl capability_id:tool:cli_perl exposure:callable kind:tool scope:builtin security_event:capability_exposure_resolved trust_class:builtin_trusted] msg=capability exposure resolved
workspace 2026/06/15 09:32:45.276314 [state_change] node= task= meta=map[capability:cli_du capability_id:tool:cli_du exposure:callable kind:tool scope:builtin security_event:capability_exposure_resolved trust_class:builtin_trusted] msg=capability exposure resolved
workspace 2026/06/15 09:32:45.276323 [state_change] node= task= meta=map[capability:cli_cmake capability_id:tool:cli_cmake exposure:callable kind:tool scope:builtin security_event:capability_exposure_resolved trust_class:builtin_trusted] msg=capability exposure resolved
workspace 2026/06/15 09:32:45.276336 [state_change] node= task= meta=map[capability:git_diff capability_id:tool:git_diff exposure:callable kind:tool scope:builtin security_event:capability_exposure_resolved trust_class:builtin_trusted] msg=capability exposure resolved
workspace 2026/06/15 09:32:45.276345 [state_change] node= task= meta=map[capability:query_ast capability_id:tool:query_ast exposure:callable kind:tool scope:builtin security_event:capability_exposure_resolved trust_class:builtin-trusted] msg=capability exposure resolved
workspace 2026/06/15 09:32:45.276353 [state_change] node= task= meta=map[capability:file_read capability_id:tool:file_read exposure:callable kind:tool scope:builtin security_event:capability_exposure_resolved trust_class:builtin_trusted] msg=capability exposure resolved
workspace 2026/06/15 09:32:45.276366 [state_change] node= task= meta=map[capability:search_semantic capability_id:tool:search_semantic exposure:callable kind:tool scope:builtin security_event:capability_exposure_resolved trust_class:builtin-trusted] msg=capability exposure resolved
workspace 2026/06/15 09:32:45.276375 [state_change] node= task= meta=map[capability:cli_time capability_id:tool:cli_time exposure:callable kind:tool scope:builtin security_event:capability_exposure_resolved trust_class:builtin_trusted] msg=capability exposure resolved
workspace 2026/06/15 09:32:45.276383 [state_change] node= task= meta=map[capability:cli_awk capability_id:tool:cli_awk exposure:callable kind:tool scope:builtin security_event:capability_exposure_resolved trust_class:builtin_trusted] msg=capability exposure resolved
workspace 2026/06/15 09:32:45.276395 [state_change] node= task= meta=map[capability:cli_uniq capability_id:tool:cli_uniq exposure:callable kind:tool scope:builtin security_event:capability_exposure_resolved trust_class:builtin_trusted] msg=capability exposure resolved
workspace 2026/06/15 09:32:45.276405 [state_change] node= task= meta=map[capability:git_blame capability_id:tool:git_blame exposure:callable kind:tool scope:builtin security_event:capability_exposure_resolved trust_class:builtin_trusted] msg=capability exposure resolved
workspace 2026/06/15 09:32:45.276417 [state_change] node= task= meta=map[capability:cli_pkg_config capability_id:tool:cli_pkg_config exposure:callable kind:tool scope:builtin security_event:capability_exposure_resolved trust_class:builtin_trusted] msg=capability exposure resolved
workspace 2026/06/15 09:32:45.276426 [state_change] node= task= meta=map[capability:cli_lsof capability_id:tool:cli_lsof exposure:callable kind:tool scope:builtin security_event:capability_exposure_resolved trust_class:builtin_trusted] msg=capability exposure resolved
workspace 2026/06/15 09:32:45.279061 workspace: prompt registry loaded: 26 prompts
workspace 2026/06/15 09:32:45.279099 workspace: workspace opened successfully
workspace 2026/06/15 09:32:45.279109 warning: event log not available from workspace
workspace 2026/06/15 09:32:45.279113 [state_change] node= task= meta=map[provider:offline] msg=backend_selected
workspace 2026/06/15 09:32:45.279159 [state_change] node= task= meta=map[capability:cli_paste capability_id:tool:cli_paste exposure:callable kind:tool scope:builtin security_event:capability_exposure_resolved trust_class:builtin_trusted] msg=capability exposure resolved
workspace 2026/06/15 09:32:45.279171 [state_change] node= task= meta=map[capability:cli_jq capability_id:tool:cli_jq exposure:callable kind:tool scope:builtin security_event:capability_exposure_resolved trust_class:builtin_trusted] msg=capability exposure resolved
workspace 2026/06/15 09:32:45.279181 [state_change] node= task= meta=map[capability:cli_wc capability_id:tool:cli_wc exposure:callable kind:tool scope:builtin security_event:capability_exposure_resolved trust_class:builtin_trusted] msg=capability exposure resolved
workspace 2026/06/15 09:32:45.279190 [state_change] node= task= meta=map[capability:cli_gzip capability_id:tool:cli_gzip exposure:callable kind:tool scope:builtin security_event:capability_exposure_resolved trust_class:builtin_trusted] msg=capability exposure resolved
workspace 2026/06/15 09:32:45.279199 [state_change] node= task= meta=map[capability:cli_perl capability_id:tool:cli_perl exposure:callable kind:tool scope:builtin security_event:capability_exposure_resolved trust_class:builtin_trusted] msg=capability exposure resolved
workspace 2026/06/15 09:32:45.279208 [state_change] node= task= meta=map[capability:cli_du capability_id:tool:cli_du exposure:callable kind:tool scope:builtin security_event:capability_exposure_resolved trust_class:builtin_trusted] msg=capability exposure resolved
workspace 2026/06/15 09:32:45.279217 [state_change] node= task= meta=map[capability:cli_cmake capability_id:tool:cli_cmake exposure:callable kind:tool scope:builtin security_event:capability_exposure_resolved trust_class:builtin_trusted] msg=capability exposure resolved
workspace 2026/06/15 09:32:45.279226 [state_change] node= task= meta=map[capability:git_diff capability_id:tool:git_diff exposure:callable kind:tool scope:builtin security_event:capability_exposure_resolved trust_class:builtin_trusted] msg=capability exposure resolved
workspace 2026/06/15 09:32:45.279235 [state_change] node= task= meta=map[capability:query_ast capability_id:tool:query_ast exposure:callable kind:tool scope:builtin security_event:capability_exposure_resolved trust_class:builtin-trusted] msg=capability exposure resolved
workspace 2026/06/15 09:32:45.279253 [state_change] node= task= meta=map[capability:file_read capability_id:tool:file_read exposure:callable kind:tool scope:builtin security_event:capability_exposure_resolved trust_class:builtin_trusted] msg=capability exposure resolved
workspace 2026/06/15 09:32:45.279261 [state_change] node= task= meta=map[capability:search_semantic capability_id:tool:search_semantic exposure:callable kind:tool scope:builtin security_event:capability_exposure_resolved trust_class:builtin-trusted] msg=capability exposure resolved
workspace 2026/06/15 09:32:45.279275 [state_change] node= task= meta=map[capability:cli_time capability_id:tool:cli_time exposure:callable kind:tool scope:builtin security_event:capability_exposure_resolved trust_class:builtin_trusted] msg=capability exposure resolved
workspace 2026/06/15 09:32:45.279288 [state_change] node= task= meta=map[capability:cli_awk capability_id:tool:cli_awk exposure:callable kind:tool scope:builtin security_event:capability_exposure_resolved trust_class:builtin_trusted] msg=capability exposure resolved
workspace 2026/06/15 09:32:45.279297 [state_change] node= task= meta=map[capability:cli_uniq capability_id:tool:cli_uniq exposure:callable kind:tool scope:builtin security_event:capability_exposure_resolved trust_class:builtin_trusted] msg=capability exposure resolved
workspace 2026/06/15 09:32:45.279311 [state_change] node= task= meta=map[capability:git_blame capability_id:tool:git_blame exposure:callable kind:tool scope:builtin security_event:capability_exposure_resolved trust_class:builtin_trusted] msg=capability exposure resolved
workspace 2026/06/15 09:32:45.279320 [state_change] node= task= meta=map[capability:cli_pkg_config capability_id:tool:cli_pkg_config exposure:callable kind:tool scope:builtin security_event:capability_exposure_resolved trust_class:builtin_trusted] msg=capability exposure resolved
workspace 2026/06/15 09:32:45.279329 [state_change] node= task= meta=map[capability:cli_lsof capability_id:tool:cli_lsof exposure:callable kind:tool scope:builtin security_event:capability_exposure_resolved trust_class:builtin_trusted] msg=capability exposure resolved
workspace 2026/06/15 09:32:45.279338 [state_change] node= task= meta=map[capability:bash capability_id:tool:bash exposure:callable kind:tool scope:builtin security_event:capability_exposure_resolved trust_class:builtin_trusted] msg=capability exposure resolved
workspace 2026/06/15 09:32:45.279346 [state_change] node= task= meta=map[capability:cli_tree capability_id:tool:cli_tree exposure:callable kind:tool scope:builtin security_event:capability_exposure_resolved trust_class:builtin_trusted] msg=capability exposure resolved
workspace 2026/06/15 09:32:45.279355 [state_change] node= task= meta=map[capability:cli_objdump capability_id:tool:cli_objdump exposure:callable kind:tool scope:builtin security_event:capability_exposure_resolved trust_class:builtin_trusted] msg=capability exposure resolved
workspace 2026/06/15 09:32:45.279367 [state_change] node= task= meta=map[capability:file_search capability_id:tool:file_search exposure:callable kind:tool scope:builtin security_event:capability_exposure_resolved trust_class:builtin_trusted] msg=capability exposure resolved
workspace 2026/06/15 09:32:45.279379 [state_change] node= task= meta=map[capability:file_delete capability_id:tool:file_delete exposure:callable kind:tool scope:builtin security_event:capability_exposure_resolved trust_class:builtin_trusted] msg=capability exposure resolved
workspace 2026/06/15 09:32:45.279388 [state_change] node= task= meta=map[capability:cli_yq capability_id:tool:cli_yq exposure:callable kind:tool scope:builtin security_event:capability_exposure_resolved trust_class:builtin_trusted] msg=capability exposure resolved
workspace 2026/06/15 09:32:45.279396 [state_change] node= task= meta=map[capability:cli_ex capability_id:tool:cli_ex exposure:callable kind:tool scope:builtin security_event:capability_exposure_resolved trust_class:builtin_trusted] msg=capability exposure resolved
workspace 2026/06/15 09:32:45.279408 [state_change] node= task= meta=map[capability:cli_nslookup capability_id:tool:cli_nslookup exposure:callable kind:tool scope:builtin security_event:capability_exposure_resolved trust_class:builtin_trusted] msg=capability exposure resolved
workspace 2026/06/15 09:32:45.279417 [state_change] node= task= meta=map[capability:cli_ip capability_id:tool:cli_ip exposure:callable kind:tool scope:builtin security_event:capability_exposure_resolved trust_class:builtin_trusted] msg=capability exposure resolved
workspace 2026/06/15 09:32:45.279430 [state_change] node= task= meta=map[capability:cli_htop capability_id:tool:cli_htop exposure:callable kind:tool scope:builtin security_event:capability_exposure_resolved trust_class:builtin_trusted] msg=capability exposure resolved
workspace 2026/06/15 09:32:45.279439 [state_change] node= task= meta=map[capability:cli_ps capability_id:tool:cli_ps exposure:callable kind:tool scope:builtin security_event:capability_exposure_resolved trust_class:builtin_trusted] msg=capability exposure resolved
workspace 2026/06/15 09:32:45.279448 [state_change] node= task= meta=map[capability:cli_nc capability_id:tool:cli_nc exposure:callable kind:tool scope:builtin security_event:capability_exposure_resolved trust_class:builtin_trusted] msg=capability exposure resolved
workspace 2026/06/15 09:32:45.279459 [state_change] node= task= meta=map[capability:cli_top capability_id:tool:cli_top exposure:callable kind:tool scope:builtin security_event:capability_exposure_resolved trust_class:builtin_trusted] msg=capability exposure resolved
workspace 2026/06/15 09:32:45.279468 [state_change] node= task= meta=map[capability:cli_column capability_id:tool:cli_column exposure:callable kind:tool scope:builtin security_event:capability_exposure_resolved trust_class:builtin_trusted] msg=capability exposure resolved
workspace 2026/06/15 09:32:45.279482 [state_change] node= task= meta=map[capability:cli_diff capability_id:tool:cli_diff exposure:callable kind:tool scope:builtin security_event:capability_exposure_resolved trust_class:builtin_trusted] msg=capability exposure resolved
workspace 2026/06/15 09:32:45.279494 [state_change] node= task= meta=map[capability:cli_rev capability_id:tool:cli_rev exposure:callable kind:tool scope:builtin security_event:capability_exposure_resolved trust_class:builtin_trusted] msg=capability exposure resolved
workspace 2026/06/15 09:32:45.279503 [state_change] node= task= meta=map[capability:cli_go capability_id:tool:cli_go exposure:callable kind:tool scope:builtin security_event:capability_exposure_resolved trust_class:builtin_trusted] msg=capability exposure resolved
workspace 2026/06/15 09:32:45.279511 [state_change] node= task= meta=map[capability:cli_file capability_id:tool:cli_file exposure:callable kind:tool scope:builtin security_event:capability_exposure_resolved trust_class:builtin_trusted] msg=capability exposure resolved
workspace 2026/06/15 09:32:45.279520 [state_change] node= task= meta=map[capability:cli_gdb capability_id:tool:cli_gdb exposure:callable kind:tool scope:builtin security_event:capability_exposure_resolved trust_class:builtin_trusted] msg=capability exposure resolved
workspace 2026/06/15 09:32:45.279528 [state_change] node= task= meta=map[capability:cli_crontab capability_id:tool:cli_crontab exposure:callable kind:tool scope:builtin security_event:capability_exposure_resolved trust_class:builtin_trusted] msg=capability exposure resolved
workspace 2026/06/15 09:32:45.279540 [state_change] node= task= meta=map[capability:cli_tar capability_id:tool:cli_tar exposure:callable kind:tool scope:builtin security_event:capability_exposure_resolved trust_class:builtin_trusted] msg=capability exposure resolved
workspace 2026/06/15 09:32:45.279548 [state_change] node= task= meta=map[capability:cli_perf capability_id:tool:cli_perf exposure:callable kind:tool scope:builtin security_event:capability_exposure_resolved trust_class:builtin_trusted] msg=capability exposure resolved
workspace 2026/06/15 09:32:45.279560 [state_change] node= task= meta=map[capability:cli_comm capability_id:tool:cli_comm exposure:callable kind:tool scope:builtin security_event:capability_exposure_resolved trust_class:builtin_trusted] msg=capability exposure resolved
workspace 2026/06/15 09:32:45.279570 [state_change] node= task= meta=map[capability:lsp_get_definition capability_id:tool:lsp_get_definition exposure:callable kind:tool scope:builtin security_event:capability_exposure_resolved trust_class:builtin_trusted] msg=capability exposure resolved
workspace 2026/06/15 09:32:45.279579 [state_change] node= task= meta=map[capability:cli_mkdir capability_id:tool:cli_mkdir exposure:callable kind:tool scope:builtin security_event:capability_exposure_resolved trust_class:builtin_trusted] msg=capability exposure resolved
workspace 2026/06/15 09:32:45.279587 [state_change] node= task= meta=map[capability:cli_wget capability_id:tool:cli_wget exposure:callable kind:tool scope:builtin security_event:capability_exposure_resolved trust_class:builtin_trusted] msg=capability exposure resolved
workspace 2026/06/15 09:32:45.279600 [state_change] node= task= meta=map[capability:cli_xz capability_id:tool:cli_xz exposure:callable kind:tool scope:builtin security_event:capability_exposure_resolved trust_class:builtin_trusted] msg=capability exposure resolved
workspace 2026/06/15 09:32:45.279612 [state_change] node= task= meta=map[capability:cli_ss capability_id:tool:cli_ss exposure:callable kind:tool scope:builtin security_event:capability_exposure_resolved trust_class:builtin_trusted] msg=capability exposure resolved
workspace 2026/06/15 09:32:45.279621 [state_change] node= task= meta=map[capability:cli_echo capability_id:tool:cli_echo exposure:callable kind:tool scope:builtin security_event:capability_exposure_resolved trust_class:builtin_trusted] msg=capability exposure resolved
workspace 2026/06/15 09:32:45.279630 [state_change] node= task= meta=map[capability:file_write capability_id:tool:file_write exposure:callable kind:tool scope:builtin security_event:capability_exposure_resolved trust_class:builtin_trusted] msg=capability exposure resolved
workspace 2026/06/15 09:32:45.279638 [state_change] node= task= meta=map[capability:cli_systemctl capability_id:tool:cli_systemctl exposure:callable kind:tool scope:builtin security_event:capability_exposure_resolved trust_class:builtin_trusted] msg=capability exposure resolved
workspace 2026/06/15 09:32:45.279647 [state_change] node= task= meta=map[capability:cli_bzip2 capability_id:tool:cli_bzip2 exposure:callable kind:tool scope:builtin security_event:capability_exposure_resolved trust_class:builtin_trusted] msg=capability exposure resolved
workspace 2026/06/15 09:32:45.279656 [state_change] node= task= meta=map[capability:git_history capability_id:tool:git_history exposure:callable kind:tool scope:builtin security_event:capability_exposure_resolved trust_class:builtin_trusted] msg=capability exposure resolved
workspace 2026/06/15 09:32:45.279667 [state_change] node= task= meta=map[capability:cli_lsblk capability_id:tool:cli_lsblk exposure:callable kind:tool scope:builtin security_event:capability_exposure_resolved trust_class:builtin_trusted] msg=capability exposure resolved
workspace 2026/06/15 09:32:45.279675 [state_change] node= task= meta=map[capability:cli_at capability_id:tool:cli_at exposure:callable kind:tool scope:builtin security_event:capability_exposure_resolved trust_class:builtin_trusted] msg=capability exposure resolved
workspace 2026/06/15 09:32:45.279684 [state_change] node= task= meta=map[capability:lsp_search_symbols capability_id:tool:lsp_search_symbols exposure:callable kind:tool scope:builtin security_event:capability_exposure_resolved trust_class:builtin_trusted] msg=capability exposure resolved
workspace 2026/06/15 09:32:45.279701 [state_change] node= task= meta=map[capability:lsp_get_diagnostics capability_id:tool:lsp_get_diagnostics exposure:callable kind:tool scope:builtin security_event:capability_exposure_resolved trust_class:builtin_trusted] msg=capability exposure resolved
workspace 2026/06/15 09:32:45.279715 [state_change] node= task= meta=map[capability:cli_rustfmt capability_id:tool:cli_rustfmt exposure:callable kind:tool scope:builtin security_event:capability_exposure_resolved trust_class:builtin_trusted] msg=capability exposure resolved
workspace 2026/06/15 09:32:45.279724 [state_change] node= task= meta=map[capability:git_commit capability_id:tool:git_commit exposure:callable kind:tool scope:builtin security_event:capability_exposure_resolved trust_class:builtin_trusted] msg=capability exposure resolved
workspace 2026/06/15 09:32:45.279733 [state_change] node= task= meta=map[capability:search_grep capability_id:tool:search_grep exposure:callable kind:tool scope:builtin security_event:capability_exposure_resolved trust_class:builtin_trusted] msg=capability exposure resolved
workspace 2026/06/15 09:32:45.279742 [state_change] node= task= meta=map[capability:cli_colordiff capability_id:tool:cli_colordiff exposure:callable kind:tool scope:builtin security_event:capability_exposure_resolved trust_class:builtin_trusted] msg=capability exposure resolved
workspace 2026/06/15 09:32:45.279754 [state_change] node= task= meta=map[capability:git_branch capability_id:tool:git_branch exposure:callable kind:tool scope:builtin security_event:capability_exposure_resolved trust_class:builtin_trusted] msg=capability exposure resolved
workspace 2026/06/15 09:32:45.279766 [state_change] node= task= meta=map[capability:cli_ping capability_id:tool:cli_ping exposure:callable kind:tool scope:builtin security_event:capability_exposure_resolved trust_class:builtin_trusted] msg=capability exposure resolved
workspace 2026/06/15 09:32:45.279775 [state_change] node= task= meta=map[capability:cli_make capability_id:tool:cli_make exposure:callable kind:tool scope:builtin security_event:capability_exposure_resolved trust_class:builtin_trusted] msg=capability exposure resolved
workspace 2026/06/15 09:32:45.279783 [state_change] node= task= meta=map[capability:pipe_fd_rg capability_id:tool:pipe_fd_rg exposure:callable kind:tool scope:builtin security_event:capability_exposure_resolved trust_class:builtin_trusted] msg=capability exposure resolved
workspace 2026/06/15 09:32:45.279800 [state_change] node= task= meta=map[capability:cli_dig capability_id:tool:cli_dig exposure:callable kind:tool scope:builtin security_event:capability_exposure_resolved trust_class:builtin_trusted] msg=capability exposure resolved
workspace 2026/06/15 09:32:45.279815 [state_change] node= task= meta=map[capability:cli_npm capability_id:tool:cli_npm exposure:callable kind:tool scope:builtin security_event:capability_exposure_resolved trust_class:builtin_trusted] msg=capability exposure resolved
workspace 2026/06/15 09:32:45.279824 [state_change] node= task= meta=map[capability:lsp_get_hover capability_id:tool:lsp_get_hover exposure:callable kind:tool scope:builtin security_event:capability_exposure_resolved trust_class:builtin_trusted] msg=capability exposure resolved
workspace 2026/06/15 09:32:45.279836 [state_change] node= task= meta=map[capability:lsp_get_references capability_id:tool:lsp_get_references exposure:callable kind:tool scope:builtin security_event:capability_exposure_resolved trust_class:builtin_trusted] msg=capability exposure resolved
workspace 2026/06/15 09:32:45.279848 [state_change] node= task= meta=map[capability:cli_ldd capability_id:tool:cli_ldd exposure:callable kind:tool scope:builtin security_event:capability_exposure_resolved trust_class:builtin_trusted] msg=capability exposure resolved
workspace 2026/06/15 09:32:45.279858 [state_change] node= task= meta=map[capability:cli_patch capability_id:tool:cli_patch exposure:callable kind:tool scope:builtin security_event:capability_exposure_resolved trust_class:builtin_trusted] msg=capability exposure resolved
workspace 2026/06/15 09:32:45.279866 [state_change] node= task= meta=map[capability:cli_tr capability_id:tool:cli_tr exposure:callable kind:tool scope:builtin security_event:capability_exposure_resolved trust_class:builtin_trusted] msg=capability exposure resolved
workspace 2026/06/15 09:32:45.279875 [state_change] node= task= meta=map[capability:cli_strace capability_id:tool:cli_strace exposure:callable kind:tool scope:builtin security_event:capability_exposure_resolved trust_class:builtin_trusted] msg=capability exposure resolved
workspace 2026/06/15 09:32:45.279883 [state_change] node= task= meta=map[capability:lsp_document_symbols capability_id:tool:lsp_document_symbols exposure:callable kind:tool scope:builtin security_event:capability_exposure_resolved trust_class:builtin_trusted] msg=capability exposure resolved
workspace 2026/06/15 09:32:45.279892 [state_change] node= task= meta=map[capability:cli_curl capability_id:tool:cli_curl exposure:callable kind:tool scope:builtin security_event:capability_exposure_resolved trust_class:builtin_trusted] msg=capability exposure resolved
workspace 2026/06/15 09:32:45.279901 [state_change] node= task= meta=map[capability:cli_rg capability_id:tool:cli_rg exposure:callable kind:tool scope:builtin security_event:capability_exposure_resolved trust_class:builtin_trusted] msg=capability exposure resolved
workspace 2026/06/15 09:32:45.279909 [state_change] node= task= meta=map[capability:cli_node capability_id:tool:cli_node exposure:callable kind:tool scope:builtin security_event:capability_exposure_resolved trust_class:builtin_trusted] msg=capability exposure resolved
workspace 2026/06/15 09:32:45.279923 [state_change] node= task= meta=map[capability:cli_xxd capability_id:tool:cli_xxd exposure:callable kind:tool scope:builtin security_event:capability_exposure_resolved trust_class:builtin_trusted] msg=capability exposure resolved
workspace 2026/06/15 09:32:45.279935 [state_change] node= task= meta=map[capability:cli_ed capability_id:tool:cli_ed exposure:callable kind:tool scope:builtin security_event:capability_exposure_resolved trust_class:builtin_trusted] msg=capability exposure resolved
workspace 2026/06/15 09:32:45.279946 [state_change] node= task= meta=map[capability:cli_ag capability_id:tool:cli_ag exposure:callable kind:tool scope:builtin security_event:capability_exposure_resolved trust_class:builtin_trusted] msg=capability exposure resolved
workspace 2026/06/15 09:32:45.279958 [state_change] node= task= meta=map[capability:cli_python capability_id:tool:cli_python exposure:callable kind:tool scope:builtin security_event:capability_exposure_resolved trust_class:builtin_trusted] msg=capability exposure resolved
workspace 2026/06/15 09:32:45.279967 [state_change] node= task= meta=map[capability:cli_locate capability_id:tool:cli_locate exposure:callable kind:tool scope:builtin security_event:capability_exposure_resolved trust_class:builtin_trusted] msg=capability exposure resolved
workspace 2026/06/15 09:32:45.279976 [state_change] node= task= meta=map[capability:cli_sort capability_id:tool:cli_sort exposure:callable kind:tool scope:builtin security_event:capability_exposure_resolved trust_class:builtin_trusted] msg=capability exposure resolved
workspace 2026/06/15 09:32:45.279990 [state_change] node= task= meta=map[capability:file_list capability_id:tool:file_list exposure:callable kind:tool scope:builtin security_event:capability_exposure_resolved trust_class:builtin_trusted] msg=capability exposure resolved
workspace 2026/06/15 09:32:45.279999 [state_change] node= task= meta=map[capability:cli_df capability_id:tool:cli_df exposure:callable kind:tool scope:builtin security_event:capability_exposure_resolved trust_class:builtin_trusted] msg=capability exposure resolved
workspace 2026/06/15 09:32:45.280007 [state_change] node= task= meta=map[capability:cli_sed capability_id:tool:cli_sed exposure:callable kind:tool scope:builtin security_event:capability_exposure_resolved trust_class:builtin_trusted] msg=capability exposure resolved
workspace 2026/06/15 09:32:45.280019 [state_change] node= task= meta=map[capability:cli_find capability_id:tool:cli_find exposure:callable kind:tool scope:builtin security_event:capability_exposure_resolved trust_class:builtin_trusted] msg=capability exposure resolved
workspace 2026/06/15 09:32:45.280028 [state_change] node= task= meta=map[capability:cli_fd capability_id:tool:cli_fd exposure:callable kind:tool scope:builtin security_event:capability_exposure_resolved trust_class:builtin_trusted] msg=capability exposure resolved
workspace 2026/06/15 09:32:45.280036 [state_change] node= task= meta=map[capability:cli_git capability_id:tool:cli_git exposure:callable kind:tool scope:builtin security_event:capability_exposure_resolved trust_class:builtin_trusted] msg=capability exposure resolved
workspace 2026/06/15 09:32:45.280045 [state_change] node= task= meta=map[capability:cli_uptime capability_id:tool:cli_uptime exposure:callable kind:tool scope:builtin security_event:capability_exposure_resolved trust_class:builtin_trusted] msg=capability exposure resolved
workspace 2026/06/15 09:32:45.280053 [state_change] node= task= meta=map[capability:cli_stat capability_id:tool:cli_stat exposure:callable kind:tool scope:builtin security_event:capability_exposure_resolved trust_class:builtin_trusted] msg=capability exposure resolved
workspace 2026/06/15 09:32:45.280067 [state_change] node= task= meta=map[capability:cli_touch capability_id:tool:cli_touch exposure:callable kind:tool scope:builtin security_event:capability_exposure_resolved trust_class:builtin_trusted] msg=capability exposure resolved
workspace 2026/06/15 09:32:45.280084 [state_change] node= task= meta=map[capability:file_create capability_id:tool:file_create exposure:callable kind:tool scope:builtin security_event:capability_exposure_resolved trust_class:builtin_trusted] msg=capability exposure resolved
workspace 2026/06/15 09:32:45.280093 [state_change] node= task= meta=map[capability:lsp_format capability_id:tool:lsp_format exposure:callable kind:tool scope:builtin security_event:capability_exposure_resolved trust_class:builtin_trusted] msg=capability exposure resolved
workspace 2026/06/15 09:32:45.280101 [state_change] node= task= meta=map[capability:cli_cargo capability_id:tool:cli_cargo exposure:callable kind:tool scope:builtin security_event:capability_exposure_resolved trust_class:builtin_trusted] msg=capability exposure resolved
workspace 2026/06/15 09:32:45.280110 [state_change] node= task= meta=map[capability:search_find_similar capability_id:tool:search_find_similar exposure:callable kind:tool scope:builtin security_event:capability_exposure_resolved trust_class:builtin-trusted] msg=capability exposure resolved
workspace 2026/06/15 09:32:45.280122 [state_change] node= task= meta=map[capability:cli_valgrind capability_id:tool:cli_valgrind exposure:callable kind:tool scope:builtin security_event:capability_exposure_resolved trust_class:builtin_trusted] msg=capability exposure resolved
workspace 2026/06/15 09:32:45.280131 [state_change] node= task= meta=map[capability:cli_cut capability_id:tool:cli_cut exposure:callable kind:tool scope:builtin security_event:capability_exposure_resolved trust_class:builtin_trusted] msg=capability exposure resolved
workspace 2026/06/15 09:32:45.280140 [state_change] node= task= meta=map[capability:go_test capability_id:tool:go_test exposure:callable kind:tool scope:builtin security_event:capability_exposure_resolved trust_class:builtin_trusted] msg=capability exposure resolved
workspace 2026/06/15 09:32:45.280148 [state_change] node= task= meta=map[capability:cli_hexdump capability_id:tool:cli_hexdump exposure:callable kind:tool scope:builtin security_event:capability_exposure_resolved trust_class:builtin_trusted] msg=capability exposure resolved
2026/06/15 09:32:45 WARN config: RELURPIFY_LLM_API_KEY is not set; provider auth may fail
2026/06/15 09:32:45 INFO config loaded workspace_root=/home/lex/Public/relurpify model_provider=ollama model_name=gemma4:e4b sandbox_backend=gvisor tools_loaded=99 strict_mode=false config_fingerprint=sha256:79d15403e04cfa6fb78712e13a2a25da8ebfdfdef1b052013769d5bb7df9e113
2026/06/15 09:32:45 WARN config: RELURPIFY_LLM_API_KEY is not set; provider auth may fail
2026/06/15 09:32:45 INFO config loaded workspace_root=/home/lex/Public/relurpify model_provider=ollama model_name=gemma4:e4b sandbox_backend=gvisor tools_loaded=99 strict_mode=false config_fingerprint=sha256:79d15403e04cfa6fb78712e13a2a25da8ebfdfdef1b052013769d5bb7df9e113
2026/06/15 09:32:45 WARN config: RELURPIFY_LLM_API_KEY is not set; provider auth may fail
2026/06/15 09:32:45 INFO config loaded workspace_root=/home/lex/Public/relurpify model_provider=ollama model_name=gemma4:e4b sandbox_backend=gvisor tools_loaded=99 strict_mode=false config_fingerprint=sha256:79d15403e04cfa6fb78712e13a2a25da8ebfdfdef1b052013769d5bb7df9e113
2026/06/15 09:32:45 WARN config: RELURPIFY_LLM_API_KEY is not set; provider auth may fail
2026/06/15 09:32:45 INFO config loaded workspace_root=/home/lex/Public/relurpify model_provider=ollama model_name=gemma4:e4b sandbox_backend=gvisor tools_loaded=99 strict_mode=false config_fingerprint=sha256:79d15403e04cfa6fb78712e13a2a25da8ebfdfdef1b052013769d5bb7df9e113
2026/06/15 09:32:45 WARN config: RELURPIFY_LLM_API_KEY is not set; provider auth may fail
2026/06/15 09:32:45 INFO config loaded workspace_root=/home/lex/Public/relurpify model_provider=ollama model_name=gemma4:e4b sandbox_backend=gvisor tools_loaded=99 strict_mode=false config_fingerprint=sha256:79d15403e04cfa6fb78712e13a2a25da8ebfdfdef1b052013769d5bb7df9e113
2026/06/15 09:32:45 WARN config: RELURPIFY_LLM_API_KEY is not set; provider auth may fail
2026/06/15 09:32:45 INFO config loaded workspace_root=/home/lex/Public/relurpify model_provider=ollama model_name=gemma4:e4b sandbox_backend=gvisor tools_loaded=99 strict_mode=false config_fingerprint=sha256:79d15403e04cfa6fb78712e13a2a25da8ebfdfdef1b052013769d5bb7df9e113
2026/06/15 09:32:45 WARN config: RELURPIFY_LLM_API_KEY is not set; provider auth may fail
2026/06/15 09:32:45 INFO config loaded workspace_root=/home/lex/Public/relurpify model_provider=ollama model_name=gemma4:e4b sandbox_backend=gvisor tools_loaded=99 strict_mode=false config_fingerprint=sha256:79d15403e04cfa6fb78712e13a2a25da8ebfdfdef1b052013769d5bb7df9e113
2026/06/15 09:32:45 WARN config: RELURPIFY_LLM_API_KEY is not set; provider auth may fail
2026/06/15 09:32:45 INFO config loaded workspace_root=/home/lex/Public/relurpify model_provider=ollama model_name=gemma4:e4b sandbox_backend=gvisor tools_loaded=99 strict_mode=false config_fingerprint=sha256:79d15403e04cfa6fb78712e13a2a25da8ebfdfdef1b052013769d5bb7df9e113
2026/06/15 09:32:45 WARN config: RELURPIFY_LLM_API_KEY is not set; provider auth may fail
2026/06/15 09:32:45 INFO config loaded workspace_root=/home/lex/Public/relurpify model_provider=ollama model_name=gemma4:e4b sandbox_backend=gvisor tools_loaded=99 strict_mode=false config_fingerprint=sha256:79d15403e04cfa6fb78712e13a2a25da8ebfdfdef1b052013769d5bb7df9e113
2026/06/15 09:32:45 WARN config: RELURPIFY_LLM_API_KEY is not set; provider auth may fail
2026/06/15 09:32:45 INFO config loaded workspace_root=/home/lex/Public/relurpify model_provider=ollama model_name=gemma4:e4b sandbox_backend=gvisor tools_loaded=99 strict_mode=false config_fingerprint=sha256:79d15403e04cfa6fb78712e13a2a25da8ebfdfdef1b052013769d5bb7df9e113
2026/06/15 09:32:45 WARN config: RELURPIFY_LLM_API_KEY is not set; provider auth may fail
2026/06/15 09:32:45 INFO config loaded workspace_root=/home/lex/Public/relurpify model_provider=ollama model_name=gemma4:e4b sandbox_backend=gvisor tools_loaded=99 strict_mode=false config_fingerprint=sha256:79d15403e04cfa6fb78712e13a2a25da8ebfdfdef1b052013769d5bb7df9e113
2026/06/15 09:32:45 WARN config: RELURPIFY_LLM_API_KEY is not set; provider auth may fail
2026/06/15 09:32:46 INFO config loaded workspace_root=/home/lex/Public/relurpify model_provider=ollama model_name=gemma4:e4b sandbox_backend=gvisor tools_loaded=99 strict_mode=false config_fingerprint=sha256:79d15403e04cfa6fb78712e13a2a25da8ebfdfdef1b052013769d5bb7df9e113
